operator_id,in,out,total_calls,outbound_share,missed_rate,avg_in_wait_time,role,days_active,daily_outbound_avg,is_inefficient,is_inefficient_refined
879896,58,872,930,0.9376344086021505,0.0,13.396198830409357,Outbound,50,17.44,False,False
879898,104,7209,7313,0.9857787501709285,0.0,14.080116959064329,Outbound,84,85.82142857142857,False,False
880020,7,38,45,0.8444444444444444,0.0,7.714285714285714,Outbound,14,2.7142857142857144,True,True
880022,8,189,197,0.9593908629441624,0.0,14.0,Outbound,42,4.5,False,False
880026,24,2208,2232,0.989247311827957,0.0,5.935185185185185,Outbound,77,28.675324675324674,False,False
880028,63,2497,2560,0.975390625,0.0,6.10650406504065,Outbound,78,32.01282051282051,False,False
880240,0,47,47,1.0,0.0,0.0,Outbound,7,6.714285714285714,False,False
881278,0,20,20,1.0,0.0,0.0,Outbound,5,4.0,False,False
882476,3,0,3,0.0,0.0,31.666666666666668,Inbound,3,0.0,False,False
882478,3,1,4,0.25,0.0,22.25,Inbound,1,1.0,False,False
882680,99,0,99,0.0,0.06976744186046512,17.40329457364341,Inbound,40,0.0,False,False
882684,613,661,1274,0.5188383045525903,0.08,16.86614285442787,Mixed,61,10.836065573770492,False,False
882686,766,2884,3650,0.7901369863013699,0.07352941176470588,15.711648724464252,Outbound,80,36.05,False,False
882688,15,43,58,0.7413793103448276,0.0,42.65,Outbound,4,10.75,False,False
882690,171,1417,1588,0.8923173803526449,0.09090909090909091,40.16558037921674,Outbound,22,64.4090909090909,False,False
883018,0,2,2,1.0,0.0,0.0,Outbound,1,2.0,True,False
883898,0,1,1,1.0,0.0,0.0,Outbound,1,1.0,True,False
883940,6,632,638,0.9905956112852664,0.0,11.8,Outbound,16,39.5,False,False
883942,77,2030,2107,0.9634551495016611,0.0,7.101020408163265,Outbound,57,35.6140350877193,False,False
884294,1,0,1,0.0,0.0,6.0,Inbound,1,0.0,False,False
884402,0,4,4,1.0,0.0,0.0,Outbound,1,4.0,False,False
884406,0,3,3,1.0,0.0,0.0,Outbound,1,3.0,True,False
884408,35,25,60,0.4166666666666667,0.21428571428571427,28.00595238095238,Mixed,12,2.0833333333333335,True,True
884412,18,748,766,0.9765013054830287,0.0,37.5,Outbound,62,12.064516129032258,False,False
884478,22,2270,2292,0.9904013961605584,0.0,16.277777777777775,Outbound,38,59.73684210526316,False,False
884524,2,0,2,0.0,0.0,9.5,Inbound,2,0.0,False,False
884946,12,1847,1859,0.9935449166218397,0.0,12.547619047619047,Outbound,40,46.175,False,False
885682,0,3,3,1.0,0.0,0.0,Outbound,3,1.0,True,False
885876,992,58437,59429,0.9833078126840431,0.18888888888888888,9.171622552872348,Outbound,97,602.4432989690722,False,False
885890,1244,58977,60221,0.9793427541887382,0.22340425531914893,9.227462672161547,Outbound,80,737.2125,False,False
886146,1,49,50,0.98,0.0,9.0,Outbound,9,5.444444444444445,False,False
886674,11,0,11,0.0,0.0,16.833333333333332,Inbound,9,0.0,False,False
886892,2,0,2,0.0,0.0,29.0,Inbound,1,0.0,False,False
887276,431,896,1327,0.6752072343632253,0.043478260869565216,28.5587003576134,Mixed,70,12.8,False,False
887278,52,256,308,0.8311688311688312,0.0,17.225694444444446,Outbound,42,6.095238095238095,False,False
887280,0,8,8,1.0,0.0,0.0,Outbound,5,1.6,True,True
887282,28,2327,2355,0.9881104033970276,0.0,46.1875,Outbound,49,47.48979591836735,False,False
887416,18,0,18,0.0,0.0,17.303030303030305,Inbound,11,0.0,False,False
887802,16,121,137,0.8832116788321168,0.0,11.0,Outbound,37,3.27027027027027,True,True
887992,0,47,47,1.0,0.0,0.0,Outbound,3,15.666666666666666,False,False
888406,9,6,15,0.4,0.14285714285714285,29.857142857142858,Mixed,12,0.5,True,True
888520,6,0,6,0.0,0.0,15.1,Inbound,5,0.0,False,False
888532,12,188,200,0.94,0.2222222222222222,26.444444444444443,Outbound,54,3.4814814814814814,False,False
888534,61,315,376,0.8377659574468085,0.05555555555555555,28.243055555555557,Outbound,53,5.943396226415095,False,False
888536,2,52,54,0.9629629629629629,0.0,21.5,Outbound,23,2.260869565217391,True,True
888538,1,5,6,0.8333333333333334,0.0,24.0,Outbound,5,1.0,True,True
888540,3,14,17,0.8235294117647058,0.0,19.666666666666668,Outbound,10,1.4,True,True
888868,20,52,72,0.7222222222222222,0.07692307692307693,17.589743589743588,Outbound,17,3.0588235294117645,True,True
889410,439,1015,1454,0.6980742778541953,0.0,5.932745918305545,Mixed,87,11.666666666666666,False,False
889638,4,0,4,0.0,0.0,14.833333333333334,Inbound,3,0.0,False,False
889640,2,0,2,0.0,0.0,13.5,Inbound,2,0.0,False,False
889754,480,1207,1687,0.7154712507409603,0.027777777777777776,8.147434240142573,Outbound,72,16.76388888888889,False,False
890226,3,3,6,0.5,0.0,27.333333333333332,Mixed,4,0.75,True,False
890228,6,86,92,0.9347826086956522,0.16666666666666666,17.333333333333332,Outbound,30,2.8666666666666667,True,True
890232,0,33,33,1.0,0.0,0.0,Outbound,15,2.2,True,True
890234,0,1,1,1.0,0.0,0.0,Outbound,1,1.0,True,False
890402,539,1243,1782,0.6975308641975309,0.0,10.940541752602504,Mixed,75,16.573333333333334,False,False
890404,516,1349,1865,0.7233243967828418,0.025974025974025976,10.94521373287607,Outbound,75,17.986666666666668,False,False
890406,425,1197,1622,0.7379778051787916,0.05405405405405406,10.32882972882973,Outbound,72,16.625,False,False
890410,16,1216,1232,0.987012987012987,0.0,6.605555555555555,Outbound,72,16.88888888888889,False,False
890412,23,1112,1135,0.9797356828193833,0.0,14.539115646258503,Outbound,72,15.444444444444445,False,False
890416,0,1271,1271,1.0,0.0,0.0,Outbound,73,17.410958904109588,False,False
890420,0,695,695,1.0,0.0,0.0,Outbound,43,16.162790697674417,False,False
890422,0,402,402,1.0,0.0,0.0,Outbound,31,12.96774193548387,False,False
890582,104,58,162,0.35802469135802467,0.025,13.602023809523809,Mixed,45,1.288888888888889,True,True
890618,73,270,343,0.7871720116618076,0.03225806451612903,1.1007769112607821,Outbound,45,6.0,False,False
891152,0,273,273,1.0,0.0,0.0,Outbound,55,4.963636363636364,False,False
891154,0,528,528,1.0,0.0,0.0,Outbound,70,7.542857142857143,False,False
891156,0,18,18,1.0,0.0,0.0,Outbound,7,2.5714285714285716,True,True
891158,0,264,264,1.0,0.0,0.0,Outbound,64,4.125,False,False
891160,0,370,370,1.0,0.0,0.0,Outbound,46,8.043478260869565,False,False
891162,0,104,104,1.0,0.0,0.0,Outbound,25,4.16,False,False
891166,0,231,231,1.0,0.0,0.0,Outbound,58,3.9827586206896552,False,False
891170,0,193,193,1.0,0.0,0.0,Outbound,24,8.041666666666666,False,False
891192,0,1,1,1.0,0.0,0.0,Outbound,1,1.0,True,False
891250,0,2,2,1.0,0.0,0.0,Outbound,1,2.0,True,False
891252,0,86,86,1.0,0.0,0.0,Outbound,7,12.285714285714286,False,False
891254,1,0,1,0.0,0.0,26.0,Inbound,1,0.0,False,False
891410,660,2737,3397,0.8057109214012363,0.02857142857142857,13.977161294587765,Outbound,75,36.49333333333333,False,False
891414,503,2498,3001,0.8323892035988004,0.01694915254237288,12.274387100658286,Outbound,72,34.69444444444444,False,False
891416,142,758,900,0.8422222222222222,0.0,16.357752294986337,Outbound,61,12.426229508196721,False,False
891646,8,0,8,0.0,0.0,20.357142857142858,Inbound,7,0.0,False,False
891744,5,6,11,0.5454545454545454,0.0,23.875,Mixed,5,1.2,True,True
891746,0,33,33,1.0,0.0,0.0,Outbound,3,11.0,False,False
891824,12,32,44,0.7272727272727273,0.0,16.357142857142858,Outbound,13,2.4615384615384617,True,True
891900,33,0,33,0.0,0.0,39.13921568627451,Inbound,17,0.0,False,False
891906,67,0,67,0.0,0.0,26.542528735632185,Inbound,29,0.0,False,False
891908,39,9,48,0.1875,0.0,10.44135802469136,Inbound,28,0.32142857142857145,False,False
891918,5,1,6,0.16666666666666666,0.0,31.2,Inbound,6,0.16666666666666666,False,False
891946,16,32,48,0.6666666666666666,0.0,19.03846153846154,Mixed,21,1.5238095238095237,True,True
891948,1,0,1,0.0,0.0,3.0,Inbound,1,0.0,False,False
891970,0,15,15,1.0,0.0,0.0,Outbound,1,15.0,False,False
891976,0,2,2,1.0,0.0,0.0,Outbound,1,2.0,True,False
891988,414,474,888,0.5337837837837838,0.0,9.245013584299299,Mixed,65,7.292307692307692,False,False
892028,0,1337,1337,1.0,0.0,0.0,Outbound,33,40.515151515151516,False,False
892530,9,9,18,0.5,0.0,33.57142857142857,Mixed,12,0.75,True,True
892532,65,90,155,0.5806451612903226,0.0,30.017857142857142,Mixed,32,2.8125,True,True
892534,28,11,39,0.28205128205128205,0.0,35.6125,Inbound,9,1.2222222222222223,False,False
892536,16,13,29,0.4482758620689655,0.0,36.13636363636363,Mixed,17,0.7647058823529411,True,True
892538,10,116,126,0.9206349206349206,0.0,30.916666666666668,Outbound,12,9.666666666666666,False,False
892798,1,36,37,0.972972972972973,0.0,43.0,Outbound,3,12.0,False,False
892800,0,8,8,1.0,0.0,0.0,Outbound,2,4.0,False,False
893172,38,3,41,0.07317073170731707,0.0,23.31159420289855,Inbound,23,0.13043478260869565,False,False
893400,2,3,5,0.6,0.0,19.5,Mixed,2,1.5,True,False
893402,338,51,389,0.13110539845758354,0.036585365853658534,15.299552845528455,Inbound,73,0.6986301369863014,False,False
893420,206,29,235,0.12340425531914893,0.0196078431372549,28.344884364002013,Inbound,54,0.5370370370370371,False,False
893674,0,2468,2468,1.0,0.0,0.0,Outbound,42,58.76190476190476,False,False
893700,0,6,6,1.0,0.0,0.0,Outbound,2,3.0,True,False
893804,2433,3413,5846,0.5838179952104002,0.08411214953271028,5.274135135061998,Mixed,93,36.69892473118279,False,False
894120,18,0,18,0.0,0.1111111111111111,28.97222222222222,Inbound,9,0.0,False,False
894224,11,33,44,0.75,0.1111111111111111,11.555555555555555,Outbound,9,3.6666666666666665,False,False
894226,0,24,24,1.0,0.0,0.0,Outbound,6,4.0,False,False
894230,6,15,21,0.7142857142857143,0.3333333333333333,13.944444444444445,Outbound,6,2.5,True,True
894232,4,16,20,0.8,0.3333333333333333,10.0,Outbound,10,1.6,True,True
894614,8,0,8,0.0,0.16666666666666666,15.833333333333334,Inbound,5,0.0,False,False
894656,20,3167,3187,0.9937245058048322,0.0,21.51111111111111,Outbound,69,45.89855072463768,False,False
894662,1,37,38,0.9736842105263158,0.0,9.0,Outbound,11,3.3636363636363638,False,False
894934,0,19,19,1.0,0.0,0.0,Outbound,2,9.5,False,False
895140,4,0,4,0.0,0.0,28.333333333333332,Inbound,2,0.0,False,False
895170,11,0,11,0.0,0.0,14.7,Inbound,10,0.0,False,False
895172,8,82,90,0.9111111111111111,0.0,12.333333333333334,Outbound,21,3.9047619047619047,False,False
895266,2,1,3,0.3333333333333333,0.0,10.0,Mixed,2,0.5,True,False
895370,0,10,10,1.0,0.0,0.0,Outbound,1,10.0,False,False
895574,96,0,96,0.0,0.02127659574468085,14.869807497467072,Inbound,46,0.0,False,False
895576,70,0,70,0.0,0.025,17.671666666666667,Inbound,39,0.0,False,False
895578,57,0,57,0.0,0.0,13.59009009009009,Inbound,37,0.0,False,False
895598,3,2,5,0.4,0.0,5.5,Mixed,3,0.6666666666666666,True,False
895774,13,105,118,0.8898305084745762,0.0,14.125,Outbound,23,4.565217391304348,False,False
895776,12,239,251,0.952191235059761,0.1,14.35,Outbound,24,9.958333333333334,False,False
895782,13,0,13,0.0,0.0,21.5625,Inbound,8,0.0,False,False
895786,36,0,36,0.0,0.0,22.64047619047619,Inbound,14,0.0,False,False
896008,0,193,193,1.0,0.0,0.0,Outbound,61,3.1639344262295084,True,True
896010,10,4,14,0.2857142857142857,0.0,19.76190476190476,Inbound,8,0.5,False,False
896012,244,0,244,0.0,0.016129032258064516,6.417402713773681,Inbound,61,0.0,False,False
896014,14,8,22,0.36363636363636365,0.0,13.041666666666666,Mixed,17,0.47058823529411764,True,True
896016,71,254,325,0.7815384615384615,0.0,7.272413793103448,Outbound,57,4.456140350877193,False,False
896018,8,9,17,0.5294117647058824,0.0,27.125,Mixed,13,0.6923076923076923,True,True
896020,16,0,16,0.0,0.0,0.9583333333333334,Inbound,3,0.0,False,False
896382,36,392,428,0.9158878504672897,0.0,13.722451790633608,Outbound,12,32.666666666666664,False,False
896384,0,28,28,1.0,0.0,0.0,Outbound,2,14.0,False,False
896386,0,76,76,1.0,0.0,0.0,Outbound,1,76.0,False,False
896390,0,97,97,1.0,0.0,0.0,Outbound,6,16.166666666666668,False,False
896428,23,185,208,0.8894230769230769,0.0,10.6875,Outbound,17,10.882352941176471,False,False
896430,1,14,15,0.9333333333333333,0.0,13.0,Outbound,3,4.666666666666667,False,False
896536,182,0,182,0.0,0.029850746268656716,20.443781094527363,Inbound,62,0.0,False,False
896538,14,0,14,0.0,0.09090909090909091,48.09090909090909,Inbound,11,0.0,True,True
896708,66,152,218,0.6972477064220184,0.0,12.158974358974358,Mixed,12,12.666666666666666,False,False
897030,6,75,81,0.9259259259259259,0.0,12.4,Outbound,11,6.818181818181818,False,False
897872,3,49,52,0.9423076923076923,0.3333333333333333,21.666666666666668,Outbound,19,2.5789473684210527,True,True
897894,0,19,19,1.0,0.0,0.0,Outbound,5,3.8,False,False
898414,24,59,83,0.7108433734939759,0.3333333333333333,9.077777777777778,Outbound,2,29.5,False,False
898422,64,23,87,0.26436781609195403,0.1,6.498611111111112,Inbound,12,1.9166666666666667,False,False
898434,0,10,10,1.0,0.0,0.0,Outbound,3,3.3333333333333335,True,False
898558,22,0,22,0.0,0.0,28.936111111111114,Inbound,12,0.0,False,False
898560,19,0,19,0.0,0.0,32.19583333333333,Inbound,8,0.0,False,False
898676,2,0,2,0.0,0.0,8.0,Inbound,2,0.0,False,False
898892,12,82,94,0.8723404255319149,0.0,15.25,Outbound,30,2.7333333333333334,True,True
898902,0,22,22,1.0,0.0,0.0,Outbound,5,4.4,False,False
898906,19,127,146,0.8698630136986302,0.0,11.613095238095239,Outbound,5,25.4,False,False
898920,13,37,50,0.74,0.0,13.7375,Outbound,2,18.5,False,False
899076,0,2,2,1.0,0.0,0.0,Outbound,1,2.0,True,False
899082,655,1511,2166,0.6975992613111727,0.014492753623188406,20.42564911567052,Mixed,71,21.281690140845072,False,False
899250,286,1374,1660,0.827710843373494,0.05952380952380952,16.159769463340893,Outbound,86,15.976744186046512,False,False
899268,31,0,31,0.0,0.08333333333333333,21.333333333333332,Inbound,24,0.0,False,False
899788,0,603,603,1.0,0.0,0.0,Outbound,18,33.5,False,False
899790,0,716,716,1.0,0.0,0.0,Outbound,18,39.77777777777778,False,False
899892,3,0,3,0.0,0.0,31.666666666666668,Inbound,3,0.0,False,False
899898,2,0,2,0.0,0.0,25.0,Inbound,2,0.0,False,False
899900,2,0,2,0.0,0.0,58.0,Inbound,2,0.0,True,False
899906,1,0,1,0.0,0.0,19.0,Inbound,1,0.0,False,False
899912,1,0,1,0.0,0.0,19.0,Inbound,1,0.0,False,False
899932,0,711,711,1.0,0.0,0.0,Outbound,19,37.421052631578945,False,False
899964,0,418,418,1.0,0.0,0.0,Outbound,15,27.866666666666667,False,False
899968,0,364,364,1.0,0.0,0.0,Outbound,15,24.266666666666666,False,False
899972,0,191,191,1.0,0.0,0.0,Outbound,16,11.9375,False,False
900180,9,1682,1691,0.9946777054997044,0.0,6.6875,Outbound,45,37.37777777777778,False,False
900192,1,1,2,0.5,0.0,5.0,Mixed,1,1.0,True,False
900194,55,43,98,0.4387755102040816,0.05555555555555555,20.725,Mixed,44,0.9772727272727273,True,True
900352,183,307,490,0.6265306122448979,0.017543859649122806,16.37614870509607,Mixed,60,5.116666666666666,False,False
900354,142,477,619,0.7705977382875606,0.06382978723404255,16.949645390070923,Outbound,59,8.084745762711865,False,False
900458,1,28,29,0.9655172413793104,0.0,9.0,Outbound,8,3.5,False,False
900492,17,234,251,0.9322709163346613,0.06666666666666667,15.866666666666667,Outbound,55,4.254545454545455,False,False
900592,265,109,374,0.2914438502673797,0.0,7.402976399567924,Inbound,40,2.725,False,False
900594,34,201,235,0.8553191489361702,0.0,10.93,Outbound,47,4.276595744680851,False,False
900614,22,34,56,0.6071428571428571,0.0,9.875,Mixed,25,1.36,True,True
900742,22,16,38,0.42105263157894735,0.0,16.159259259259258,Mixed,11,1.4545454545454546,True,True
900746,26,49,75,0.6533333333333333,0.18181818181818182,21.72077922077922,Mixed,15,3.2666666666666666,True,True
900788,124,92,216,0.42592592592592593,0.023809523809523808,6.8165343915343914,Mixed,46,2.0,True,True
900790,44,55,99,0.5555555555555556,0.0,8.88343253968254,Mixed,12,4.583333333333333,False,False
900792,1,7,8,0.875,0.0,34.0,Outbound,3,2.3333333333333335,True,False
900826,86,510,596,0.8557046979865772,0.0,10.46195652173913,Outbound,77,6.623376623376624,False,False
900892,329,933,1262,0.7393026941362916,0.034482758620689655,6.873100680995418,Outbound,78,11.961538461538462,False,False
900894,110,218,328,0.6646341463414634,0.022727272727272728,12.448066706021251,Mixed,66,3.303030303030303,True,True
901034,13,12,25,0.48,0.0,12.75,Mixed,16,0.75,True,True
901038,5,33,38,0.868421052631579,0.0,25.125,Outbound,17,1.9411764705882353,True,True
901178,288,25,313,0.07987220447284345,0.0,7.800342113368429,Inbound,30,0.8333333333333334,False,False
901350,92,0,92,0.0,0.0,25.66316964285714,Inbound,32,0.0,False,False
901492,30,3,33,0.09090909090909091,0.0,24.38888888888889,Inbound,25,0.12,False,False
901498,5,0,5,0.0,0.0,51.0,Inbound,4,0.0,True,False
901584,104,172,276,0.6231884057971014,0.0,6.643253968253968,Mixed,60,2.8666666666666667,True,True
901586,41,94,135,0.6962962962962963,0.0,8.518518518518519,Mixed,38,2.473684210526316,True,True
901588,27,55,82,0.6707317073170732,0.0,6.552631578947368,Mixed,33,1.6666666666666667,True,True
901734,28,0,28,0.0,0.0,13.656593406593405,Inbound,13,0.0,False,False
901880,1825,2362,4187,0.5641270599474564,0.09259259259259259,5.35795815586243,Mixed,88,26.84090909090909,False,False
901884,566,2024,2590,0.7814671814671814,0.010526315789473684,13.454086118559802,Outbound,87,23.264367816091955,False,False
901886,143,1416,1559,0.9082745349583066,0.0,19.219166666666666,Outbound,51,27.764705882352942,False,False
901894,30,0,30,0.0,0.0,26.766666666666666,Inbound,9,0.0,False,False
901992,11,671,682,0.9838709677419355,0.0,9.476190476190476,Outbound,18,37.27777777777778,False,False
901996,3,26,29,0.896551724137931,0.0,14.333333333333334,Outbound,2,13.0,False,False
902238,1,1,2,0.5,0.0,8.0,Mixed,1,1.0,True,False
902510,122,1842,1964,0.9378818737270875,0.07692307692307693,33.81739926739927,Outbound,53,34.75471698113208,False,False
902532,239,867,1106,0.7839059674502713,0.029411764705882353,23.031607790517825,Outbound,40,21.675,False,False
902608,13,219,232,0.9439655172413793,0.0,7.56,Outbound,9,24.333333333333332,False,False
902720,99,2320,2419,0.9590739975196362,0.0,16.049639249639252,Outbound,47,49.361702127659576,False,False
902742,0,1173,1173,1.0,0.0,0.0,Outbound,30,39.1,False,False
902744,0,3149,3149,1.0,0.0,0.0,Outbound,32,98.40625,False,False
902746,0,2452,2452,1.0,0.0,0.0,Outbound,31,79.09677419354838,False,False
902748,0,2542,2542,1.0,0.0,0.0,Outbound,25,101.68,False,False
902774,0,1109,1109,1.0,0.0,0.0,Outbound,24,46.208333333333336,False,False
902776,0,1581,1581,1.0,0.0,0.0,Outbound,16,98.8125,False,False
902778,0,1300,1300,1.0,0.0,0.0,Outbound,23,56.52173913043478,False,False
902782,0,1302,1302,1.0,0.0,0.0,Outbound,26,50.07692307692308,False,False
902906,48,0,48,0.0,0.0,17.26923076923077,Inbound,39,0.0,False,False
902910,28,0,28,0.0,0.05,26.458333333333332,Inbound,20,0.0,False,False
903254,243,1465,1708,0.857728337236534,0.0,17.42779189409624,Outbound,82,17.865853658536587,False,False
903292,42,301,343,0.8775510204081632,0.0,15.44614898989899,Outbound,9,33.44444444444444,False,False
903312,127,53,180,0.29444444444444445,0.038461538461538464,18.670619658119655,Inbound,50,1.06,False,False
903318,281,1178,1459,0.8074023303632625,0.05263157894736842,12.733845234000032,Outbound,63,18.6984126984127,False,False
903390,9,0,9,0.0,0.0,14.642857142857142,Inbound,7,0.0,False,False
903512,28,0,28,0.0,0.0,42.2843137254902,Inbound,16,0.0,False,False
903974,10,0,10,0.0,0.0,17.27777777777778,Inbound,2,0.0,False,False
903976,5,0,5,0.0,0.0,7.125,Inbound,2,0.0,False,False
903978,4,6,10,0.6,0.0,9.5,Mixed,3,2.0,True,False
904014,41,1249,1290,0.9682170542635659,0.0,12.36007326007326,Outbound,28,44.607142857142854,False,False
904016,50,4681,4731,0.9894314098499261,0.07692307692307693,18.219871794871796,Outbound,46,101.76086956521739,False,False
904038,462,215,677,0.3175775480059084,0.02564102564102564,10.093733028854487,Mixed,78,2.7564102564102564,True,True
904044,108,23,131,0.17557251908396945,0.023809523809523808,18.150850340136053,Inbound,44,0.5227272727272727,False,False
904058,19,0,19,0.0,0.0,16.352941176470587,Inbound,17,0.0,False,False
904200,7,10,17,0.5882352941176471,0.0,22.5,Mixed,10,1.0,True,True
904202,7,233,240,0.9708333333333333,0.0,12.75,Outbound,9,25.88888888888889,False,False
904204,5,54,59,0.9152542372881356,0.0,31.875,Outbound,18,3.0,True,True
904284,47,0,47,0.0,0.0,16.29310344827586,Inbound,29,0.0,False,False
904344,4,5,9,0.5555555555555556,0.5,14.833333333333332,Mixed,1,5.0,True,False
904372,3,0,3,0.0,0.0,23.25,Inbound,2,0.0,False,False
905082,2,0,2,0.0,0.0,17.0,Inbound,1,0.0,False,False
905104,296,187,483,0.38716356107660455,0.09523809523809523,17.05668934240363,Mixed,57,3.280701754385965,True,True
905300,25,0,25,0.0,0.125,21.770833333333332,Inbound,15,0.0,False,False
905308,0,3,3,1.0,0.0,0.0,Outbound,1,3.0,True,False
905430,96,751,847,0.8866587957497049,0.0625,6.683581349206349,Outbound,17,44.1764705882353,False,False
905432,12,726,738,0.983739837398374,0.0,5.111111111111112,Outbound,12,60.5,False,False
905470,0,3,3,1.0,0.0,0.0,Outbound,1,3.0,True,False
905472,1,9,10,0.9,0.0,21.0,Outbound,2,4.5,False,False
905478,1,0,1,0.0,0.0,36.0,Inbound,1,0.0,False,False
905480,0,1,1,1.0,0.0,0.0,Outbound,1,1.0,True,False
905538,244,3169,3413,0.9285086434222092,0.037037037037037035,16.940732724066056,Outbound,57,55.59649122807018,False,False
905542,117,1985,2102,0.9443387250237869,0.06,17.980809523809523,Outbound,57,34.824561403508774,False,False
905564,57,694,751,0.9241011984021305,0.03225806451612903,24.518817204301076,Outbound,50,13.88,False,False
905566,44,861,905,0.9513812154696133,0.043478260869565216,18.748447204968944,Outbound,59,14.59322033898305,False,False
905570,0,96,96,1.0,0.0,0.0,Outbound,34,2.823529411764706,True,True
905574,4,428,432,0.9907407407407407,0.0,11.0,Outbound,47,9.106382978723405,False,False
905840,0,7,7,1.0,0.0,0.0,Outbound,6,1.1666666666666667,True,True
905842,2,1031,1033,0.9980638915779284,0.0,115.5,Outbound,61,16.901639344262296,False,False
905844,13,1032,1045,0.9875598086124402,0.0,12.625,Outbound,57,18.105263157894736,False,False
905862,102,1,103,0.009708737864077669,0.08108108108108109,11.054192654192654,Inbound,34,0.029411764705882353,False,False
905870,143,559,702,0.7962962962962963,0.0,11.871287762416795,Outbound,36,15.527777777777779,False,False
905930,70,337,407,0.828009828009828,0.0,6.3143097643097645,Outbound,49,6.877551020408164,False,False
905932,36,334,370,0.9027027027027027,0.0,8.786666666666667,Outbound,48,6.958333333333333,False,False
905934,1,20,21,0.9523809523809523,0.0,9.0,Outbound,13,1.5384615384615385,True,True
906070,324,71,395,0.17974683544303796,0.13333333333333333,31.062302944951753,Inbound,18,3.9444444444444446,False,False
906076,24,1,25,0.04,0.0,39.02777777777778,Inbound,2,0.5,False,False
906294,308,290,598,0.48494983277591974,0.02,4.859722333222333,Mixed,49,5.918367346938775,False,False
906296,4,197,201,0.9800995024875622,0.0,16.25,Outbound,50,3.94,False,False
906392,18,53,71,0.7464788732394366,0.2857142857142857,14.571428571428571,Outbound,22,2.409090909090909,True,True
906394,30,520,550,0.9454545454545454,0.0,28.580701754385963,Outbound,36,14.444444444444445,False,False
906396,124,415,539,0.7699443413729128,0.08823529411764706,30.534379509379512,Outbound,37,11.216216216216216,False,False
906398,64,40,104,0.38461538461538464,0.0,26.28154761904762,Mixed,36,1.1111111111111112,True,True
906400,130,426,556,0.7661870503597122,0.075,28.850119047619046,Outbound,39,10.923076923076923,False,False
906402,7,17,24,0.7083333333333334,0.0,46.5,Outbound,10,1.7,True,True
906404,501,613,1114,0.5502692998204668,0.13953488372093023,28.3718892681426,Mixed,37,16.56756756756757,False,False
906406,715,1136,1851,0.6137223122636413,0.06521739130434782,26.88928888157112,Mixed,42,27.047619047619047,False,False
906408,241,87,328,0.2652439024390244,0.14285714285714285,30.913564784888315,Inbound,24,3.625,False,False
906410,232,19,251,0.07569721115537849,0.14705882352941177,25.708812910945266,Inbound,30,0.6333333333333333,False,False
906412,26,315,341,0.9237536656891495,0.13333333333333333,15.073333333333332,Outbound,30,10.5,False,False
906416,5,77,82,0.9390243902439024,0.0,16.6,Outbound,18,4.277777777777778,False,False
906418,4,4,8,0.5,0.0,15.0,Mixed,4,1.0,True,False
906420,5,29,34,0.8529411764705882,0.0,11.0,Outbound,9,3.2222222222222223,True,True
906680,195,160,355,0.4507042253521127,0.03508771929824561,36.67047131718184,Mixed,60,2.6666666666666665,True,True
906866,0,655,655,1.0,0.0,0.0,Outbound,15,43.666666666666664,False,False
907174,9,2524,2533,0.9964469009080142,0.0,65.1875,Outbound,51,49.490196078431374,False,False
907178,3,174,177,0.9830508474576272,0.0,24.5,Outbound,35,4.9714285714285715,False,False
907180,0,74,74,1.0,0.0,0.0,Outbound,20,3.7,False,False
907182,65,230,295,0.7796610169491526,0.0,10.050980392156863,Outbound,50,4.6,False,False
907224,48,299,347,0.861671469740634,0.0,22.759848484848483,Outbound,57,5.245614035087719,False,False
907440,6,167,173,0.9653179190751445,0.0,23.833333333333332,Outbound,46,3.630434782608696,False,False
907442,0,89,89,1.0,0.0,0.0,Outbound,32,2.78125,True,True
907502,242,0,242,0.0,0.03333333333333333,20.537142857142857,Inbound,58,0.0,False,False
907504,5,25,30,0.8333333333333334,0.0,23.375,Outbound,10,2.5,True,True
907618,1,0,1,0.0,0.0,35.0,Inbound,1,0.0,False,False
907952,51,179,230,0.7782608695652173,0.05555555555555555,20.82638888888889,Outbound,57,3.1403508771929824,True,True
907964,17,60,77,0.7792207792207793,0.0,16.099999999999998,Outbound,25,2.4,True,True
907970,16,166,182,0.9120879120879121,0.0,17.75,Outbound,50,3.32,True,True
907972,5,8,13,0.6153846153846154,0.0,13.0,Mixed,7,1.1428571428571428,True,True
907974,3,0,3,0.0,0.0,9.666666666666666,Inbound,3,0.0,False,False
907982,66,87,153,0.5686274509803921,0.02857142857142857,22.81547619047619,Mixed,47,1.851063829787234,True,True
907986,1,447,448,0.9977678571428571,0.0,20.0,Outbound,43,10.395348837209303,False,False
907994,39,104,143,0.7272727272727273,0.0,19.12962962962963,Outbound,42,2.4761904761904763,True,True
907998,0,2,2,1.0,0.0,0.0,Outbound,1,2.0,True,False
908002,6,16,22,0.7272727272727273,0.0,15.875,Outbound,8,2.0,True,True
908078,42,56,98,0.5714285714285714,0.0,18.60632183908046,Mixed,34,1.6470588235294117,True,True
908080,5,1,6,0.16666666666666666,0.0,13.75,Inbound,4,0.25,False,False
908082,27,20,47,0.425531914893617,0.0,10.194444444444445,Mixed,21,0.9523809523809523,True,True
908098,6,0,6,0.0,0.0,26.944444444444443,Inbound,3,0.0,False,False
908130,3,0,3,0.0,0.0,28.333333333333332,Inbound,3,0.0,False,False
908152,13,0,13,0.0,0.0,39.583333333333336,Inbound,9,0.0,False,False
908162,3,0,3,0.0,0.0,52.5,Inbound,2,0.0,True,False
908180,1,0,1,0.0,0.0,15.0,Inbound,1,0.0,False,False
908300,3,0,3,0.0,0.0,56.5,Inbound,1,0.0,True,False
908640,0,14239,14239,1.0,0.0,0.0,Outbound,19,749.421052631579,False,False
908718,0,3,3,1.0,0.0,0.0,Outbound,1,3.0,True,False
908834,23,1,24,0.041666666666666664,0.0,37.70386904761905,Inbound,4,0.25,False,False
908958,952,107,1059,0.10103871576959396,0.031914893617021274,25.834473979825734,Inbound,79,1.3544303797468353,False,False
908960,695,113,808,0.13985148514851486,0.07407407407407407,22.998293812366523,Inbound,77,1.4675324675324675,False,False
908984,0,8,8,1.0,0.0,0.0,Outbound,1,8.0,False,False
909134,197,5,202,0.024752475247524754,0.015384615384615385,33.91034798534799,Inbound,63,0.07936507936507936,False,False
909308,0,15,15,1.0,0.0,0.0,Outbound,3,5.0,False,False
909392,5,0,5,0.0,0.0,26.0,Inbound,5,0.0,False,False
909452,0,8,8,1.0,0.0,0.0,Outbound,1,8.0,False,False
909502,0,786,786,1.0,0.0,0.0,Outbound,18,43.666666666666664,False,False
909624,3,0,3,0.0,0.0,32.0,Inbound,1,0.0,False,False
909768,14,0,14,0.0,0.0,42.0,Inbound,14,0.0,False,False
909892,4,4,8,0.5,0.0,11.0,Mixed,3,1.3333333333333333,True,False
909894,1,0,1,0.0,0.0,13.0,Inbound,1,0.0,False,False
909896,1,0,1,0.0,0.0,9.0,Inbound,1,0.0,False,False
909910,0,318,318,1.0,0.0,0.0,Outbound,49,6.489795918367347,False,False
910018,123,0,123,0.0,0.0,23.84430303030303,Inbound,47,0.0,False,False
910038,2,0,2,0.0,0.0,15.0,Inbound,2,0.0,False,False
910044,19,0,19,0.0,0.0,14.383333333333335,Inbound,10,0.0,False,False
910224,11,0,11,0.0,0.0,12.75,Inbound,8,0.0,False,False
910226,8,0,8,0.0,0.25,16.5,Inbound,8,0.0,True,True
910516,32,0,32,0.0,0.0,24.257575757575754,Inbound,22,0.0,False,False
910520,0,198,198,1.0,0.0,0.0,Outbound,32,6.1875,False,False
910524,0,85,85,1.0,0.0,0.0,Outbound,5,17.0,False,False
910530,0,1061,1061,1.0,0.0,0.0,Outbound,14,75.78571428571429,False,False
910532,0,151,151,1.0,0.0,0.0,Outbound,11,13.727272727272727,False,False
910540,154,0,154,0.0,0.017241379310344827,21.181089217296112,Inbound,56,0.0,False,False
910594,0,28,28,1.0,0.0,0.0,Outbound,1,28.0,False,False
910902,0,15,15,1.0,0.0,0.0,Outbound,8,1.875,True,True
910926,0,25,25,1.0,0.0,0.0,Outbound,7,3.5714285714285716,False,False
910958,13,0,13,0.0,0.0,58.2,Inbound,9,0.0,True,True
911102,27,0,27,0.0,0.15,29.06666666666667,Inbound,18,0.0,False,False
911104,1,0,1,0.0,0.0,13.0,Inbound,1,0.0,False,False
911136,211,0,211,0.0,0.021739130434782608,19.998957745153398,Inbound,45,0.0,False,False
911138,289,0,289,0.0,0.05357142857142857,19.861844802023374,Inbound,54,0.0,False,False
911140,70,0,70,0.0,0.06060606060606061,27.653535353535354,Inbound,32,0.0,False,False
911142,20,0,20,0.0,0.14285714285714285,45.857142857142854,Inbound,13,0.0,True,True
911152,2,0,2,0.0,0.0,21.5,Inbound,1,0.0,False,False
911214,2,0,2,0.0,0.0,18.0,Inbound,2,0.0,False,False
911310,401,95,496,0.19153225806451613,0.03636363636363636,15.740931316822465,Inbound,54,1.7592592592592593,False,False
912010,144,0,144,0.0,0.038461538461538464,19.65303724053724,Inbound,49,0.0,False,False
912252,39,224,263,0.8517110266159695,0.0,14.944444444444445,Outbound,46,4.869565217391305,False,False
912296,173,483,656,0.7362804878048781,0.06382978723404255,11.36000506585613,Outbound,46,10.5,False,False
912684,27,0,27,0.0,0.0625,42.53125,Inbound,14,0.0,False,False
912722,153,385,538,0.7156133828996283,0.0,6.016190476190477,Outbound,51,7.549019607843137,False,False
913474,2,8,10,0.8,0.0,37.0,Outbound,2,4.0,False,False
913780,5,0,5,0.0,0.0,18.777777777777775,Inbound,3,0.0,False,False
913788,793,963,1756,0.5484054669703873,0.030303030303030304,18.190183617187557,Mixed,66,14.590909090909092,False,False
913868,19,18,37,0.4864864864864865,0.0,2.526315789473684,Mixed,2,9.0,False,False
913886,2,0,2,0.0,0.5,13.5,Inbound,2,0.0,True,False
913938,4766,408,5174,0.07885581754928489,0.16883116883116883,8.975972504316156,Inbound,65,6.276923076923077,False,False
913942,2467,440,2907,0.15135878912968695,0.32941176470588235,13.802800771358408,Inbound,57,7.719298245614035,True,True
913984,1,6,7,0.8571428571428571,0.0,17.0,Outbound,2,3.0,True,False
914036,0,18,18,1.0,0.0,0.0,Outbound,2,9.0,False,False
914050,12,387,399,0.9699248120300752,0.0,8.85,Outbound,24,16.125,False,False
914052,0,1368,1368,1.0,0.0,0.0,Outbound,46,29.73913043478261,False,False
914168,1,10,11,0.9090909090909091,0.0,11.0,Outbound,4,2.5,True,False
914170,12,4,16,0.25,0.0,13.746666666666666,Inbound,6,0.6666666666666666,False,False
914172,6,0,6,0.0,0.0,9.3,Inbound,2,0.0,False,False
914238,0,335,335,1.0,0.0,0.0,Outbound,24,13.958333333333334,False,False
914240,0,46,46,1.0,0.0,0.0,Outbound,4,11.5,False,False
914256,24,1,25,0.04,0.0,16.24888888888889,Inbound,16,0.0625,False,False
914266,0,5,5,1.0,0.0,0.0,Outbound,2,2.5,True,False
914272,0,1,1,1.0,0.0,0.0,Outbound,1,1.0,True,False
914338,0,48,48,1.0,0.0,0.0,Outbound,6,8.0,False,False
914348,0,6,6,1.0,0.0,0.0,Outbound,4,1.5,True,False
914426,3,4,7,0.5714285714285714,0.0,23.0,Mixed,3,1.3333333333333333,True,False
914440,30,1,31,0.03225806451612903,0.05263157894736842,20.98421052631579,Inbound,18,0.05555555555555555,False,False
914626,0,1,1,1.0,0.0,0.0,Outbound,1,1.0,True,False
914630,19,136,155,0.8774193548387097,0.0,13.069444444444445,Outbound,29,4.689655172413793,False,False
914636,3,15,18,0.8333333333333334,0.0,9.0,Outbound,6,2.5,True,True
914816,0,7,7,1.0,0.0,0.0,Outbound,4,1.75,True,False
914842,6,0,6,0.0,0.0,18.833333333333332,Inbound,6,0.0,False,False
914848,2,15,17,0.8823529411764706,0.0,18.5,Outbound,4,3.75,False,False
914870,5,4,9,0.4444444444444444,0.0,17.75,Mixed,5,0.8,True,True
915358,0,253,253,1.0,0.0,0.0,Outbound,37,6.837837837837838,False,False
915360,0,271,271,1.0,0.0,0.0,Outbound,41,6.609756097560975,False,False
915504,0,33,33,1.0,0.0,0.0,Outbound,4,8.25,False,False
915556,185,2110,2295,0.9193899782135077,0.04918032786885246,6.890939252004825,Outbound,67,31.492537313432837,False,False
915558,0,161,161,1.0,0.0,0.0,Outbound,12,13.416666666666666,False,False
915614,2,62,64,0.96875,0.0,28.0,Outbound,10,6.2,False,False
915958,11,19,30,0.6333333333333333,0.0,20.208333333333332,Mixed,7,2.7142857142857144,True,True
916424,404,141,545,0.25871559633027524,0.08571428571428572,10.695145490521696,Inbound,32,4.40625,False,False
916596,0,30,30,1.0,0.0,0.0,Outbound,2,15.0,False,False
916618,52,105,157,0.6687898089171974,0.0,21.4,Mixed,36,2.9166666666666665,True,True
917234,5,1174,1179,0.9957591178965225,0.0,13.8,Outbound,28,41.92857142857143,False,False
917252,6,12,18,0.6666666666666666,0.0,52.5,Mixed,7,1.7142857142857142,True,True
917378,2,14,16,0.875,0.0,12.5,Outbound,6,2.3333333333333335,True,True
917446,0,15,15,1.0,0.0,0.0,Outbound,6,2.5,True,True
917680,2,43,45,0.9555555555555556,0.0,100.0,Outbound,9,4.777777777777778,False,False
917682,0,7,7,1.0,0.0,0.0,Outbound,1,7.0,False,False
917846,3,32,35,0.9142857142857143,0.0,8.25,Outbound,9,3.5555555555555554,False,False
917850,166,162,328,0.49390243902439024,0.020833333333333332,17.00176917989418,Mixed,46,3.5217391304347827,False,False
917852,375,1017,1392,0.7306034482758621,0.02127659574468085,18.662957201677475,Outbound,47,21.638297872340427,False,False
917856,3,74,77,0.961038961038961,0.0,11.75,Outbound,25,2.96,True,True
917858,1,2,3,0.6666666666666666,0.0,14.0,Mixed,2,1.0,True,False
917876,8,2,10,0.2,0.0,14.071428571428571,Inbound,8,0.25,False,False
917890,0,1,1,1.0,0.0,0.0,Outbound,1,1.0,True,False
918390,0,246,246,1.0,0.0,0.0,Outbound,62,3.967741935483871,False,False
918436,34,728,762,0.9553805774278216,0.05,16.438333333333333,Outbound,20,36.4,False,False
918452,0,313,313,1.0,0.0,0.0,Outbound,41,7.634146341463414,False,False
918888,8,3,11,0.2727272727272727,0.125,9.375,Inbound,10,0.3,False,False
918956,2,17,19,0.8947368421052632,0.0,34.5,Outbound,6,2.8333333333333335,True,True
918958,1,8,9,0.8888888888888888,0.0,37.0,Outbound,2,4.0,False,False
918978,744,1239,1983,0.6248108925869894,0.09090909090909091,10.27316459827606,Mixed,46,26.934782608695652,False,False
918986,566,1397,1963,0.7116658176260825,0.0,10.191840874038242,Outbound,46,30.369565217391305,False,False
918988,1,1,2,0.5,0.0,13.0,Mixed,1,1.0,True,False
919126,0,291,291,1.0,0.0,0.0,Outbound,10,29.1,False,False
919128,0,388,388,1.0,0.0,0.0,Outbound,5,77.6,False,False
919162,0,2757,2757,1.0,0.0,0.0,Outbound,16,172.3125,False,False
919164,648,10,658,0.015197568389057751,0.21428571428571427,7.248676528576843,Inbound,9,1.1111111111111112,True,True
919166,993,20,1013,0.019743336623889437,0.2857142857142857,5.719462374807739,Inbound,11,1.8181818181818181,True,True
919188,0,831,831,1.0,0.0,0.0,Outbound,7,118.71428571428571,False,False
919190,2,83,85,0.9764705882352941,0.0,11.0,Outbound,2,41.5,False,False
919192,0,2158,2158,1.0,0.0,0.0,Outbound,16,134.875,False,False
919194,0,1295,1295,1.0,0.0,0.0,Outbound,18,71.94444444444444,False,False
919196,0,2713,2713,1.0,0.0,0.0,Outbound,17,159.58823529411765,False,False
919198,0,1066,1066,1.0,0.0,0.0,Outbound,11,96.9090909090909,False,False
919200,0,1242,1242,1.0,0.0,0.0,Outbound,12,103.5,False,False
919202,0,2433,2433,1.0,0.0,0.0,Outbound,18,135.16666666666666,False,False
919204,1167,9,1176,0.007653061224489796,0.29411764705882354,8.120406827296172,Inbound,11,0.8181818181818182,True,True
919206,926,1,927,0.0010787486515641855,0.3684210526315789,8.027403697951348,Inbound,11,0.09090909090909091,True,True
919214,18,1,19,0.05263157894736842,0.0,30.35,Inbound,10,0.1,False,False
919218,21,287,308,0.9318181818181818,0.1,17.003333333333334,Outbound,16,17.9375,False,False
919302,0,2312,2312,1.0,0.0,0.0,Outbound,17,136.0,False,False
919306,0,1504,1504,1.0,0.0,0.0,Outbound,13,115.6923076923077,False,False
919310,0,2077,2077,1.0,0.0,0.0,Outbound,23,90.30434782608695,False,False
919314,0,2416,2416,1.0,0.0,0.0,Outbound,14,172.57142857142858,False,False
919318,0,1813,1813,1.0,0.0,0.0,Outbound,15,120.86666666666666,False,False
919362,0,2326,2326,1.0,0.0,0.0,Outbound,14,166.14285714285714,False,False
919364,0,4820,4820,1.0,0.0,0.0,Outbound,21,229.52380952380952,False,False
919370,0,1324,1324,1.0,0.0,0.0,Outbound,12,110.33333333333333,False,False
919372,0,1563,1563,1.0,0.0,0.0,Outbound,13,120.23076923076923,False,False
919374,0,2021,2021,1.0,0.0,0.0,Outbound,14,144.35714285714286,False,False
919376,0,1284,1284,1.0,0.0,0.0,Outbound,11,116.72727272727273,False,False
919378,0,1114,1114,1.0,0.0,0.0,Outbound,8,139.25,False,False
919382,0,1629,1629,1.0,0.0,0.0,Outbound,12,135.75,False,False
919390,0,721,721,1.0,0.0,0.0,Outbound,7,103.0,False,False
919418,0,2,2,1.0,0.0,0.0,Outbound,1,2.0,True,False
919456,0,1147,1147,1.0,0.0,0.0,Outbound,12,95.58333333333333,False,False
919464,0,1289,1289,1.0,0.0,0.0,Outbound,13,99.15384615384616,False,False
919476,0,1871,1871,1.0,0.0,0.0,Outbound,14,133.64285714285714,False,False
919482,0,1392,1392,1.0,0.0,0.0,Outbound,11,126.54545454545455,False,False
919490,0,1668,1668,1.0,0.0,0.0,Outbound,13,128.30769230769232,False,False
919504,0,1971,1971,1.0,0.0,0.0,Outbound,12,164.25,False,False
919536,2,8,10,0.8,0.0,9.0,Outbound,3,2.6666666666666665,True,False
919552,1089,63,1152,0.0546875,0.015151515151515152,34.1591828660795,Inbound,63,1.0,False,False
919554,1182,11,1193,0.009220452640402346,0.14473684210526316,32.942044425230385,Inbound,64,0.171875,False,False
919790,1578,23,1601,0.014366021236727046,0.0,33.180278006099556,Inbound,59,0.3898305084745763,False,False
919792,750,68,818,0.08312958435207823,0.017543859649122806,30.29749492775945,Inbound,56,1.2142857142857142,False,False
919794,1136,21,1157,0.018150388936905792,0.03125,27.92554694265805,Inbound,31,0.6774193548387096,False,False
919896,5,0,5,0.0,0.25,13.625,Inbound,3,0.0,True,False
919906,0,1497,1497,1.0,0.0,0.0,Outbound,16,93.5625,False,False
919910,0,327,327,1.0,0.0,0.0,Outbound,12,27.25,False,False
919956,12,0,12,0.0,0.0,10.75,Inbound,11,0.0,False,False
919958,2,0,2,0.0,0.0,17.5,Inbound,1,0.0,False,False
919994,20,0,20,0.0,0.0,44.541666666666664,Inbound,12,0.0,False,False
920146,0,84,84,1.0,0.0,0.0,Outbound,16,5.25,False,False
920414,0,1266,1266,1.0,0.0,0.0,Outbound,10,126.6,False,False
920416,0,1576,1576,1.0,0.0,0.0,Outbound,14,112.57142857142857,False,False
920666,178,264,442,0.5972850678733032,0.024390243902439025,8.86701861823813,Mixed,42,6.285714285714286,False,False
920706,68,140,208,0.6730769230769231,0.1111111111111111,21.44691358024691,Mixed,31,4.516129032258065,False,False
920720,114,200,314,0.6369426751592356,0.0,14.891428571428573,Mixed,39,5.128205128205129,False,False
920726,58,52,110,0.4727272727272727,0.045454545454545456,18.536363636363635,Mixed,26,2.0,True,True
920728,201,99,300,0.33,0.08108108108108109,15.014582714582714,Mixed,37,2.675675675675676,True,True
920732,116,157,273,0.575091575091575,0.0,11.689126461988304,Mixed,28,5.607142857142857,False,False
920838,65,172,237,0.7257383966244726,0.0,11.967757936507937,Outbound,33,5.212121212121212,False,False
920852,192,277,469,0.5906183368869936,0.05,11.748829365079365,Mixed,39,7.102564102564102,False,False
920874,33,0,33,0.0,0.0,26.087719298245617,Inbound,19,0.0,False,False
920902,48,17,65,0.26153846153846155,0.041666666666666664,45.263690476190476,Inbound,24,0.7083333333333334,True,True
920928,0,15,15,1.0,0.0,0.0,Outbound,5,3.0,True,True
920930,1,0,1,0.0,0.0,62.0,Inbound,1,0.0,True,False
920982,51,0,51,0.0,0.0,24.614814814814817,Inbound,27,0.0,False,False
921062,113,6,119,0.05042016806722689,0.0,11.50952380952381,Inbound,35,0.17142857142857143,False,False
921102,13,15,28,0.5357142857142857,0.0,22.22222222222222,Mixed,15,1.0,True,True
921104,6,9,15,0.6,0.0,21.75,Mixed,5,1.8,True,True
921116,0,102,102,1.0,0.0,0.0,Outbound,25,4.08,False,False
921306,398,542,940,0.5765957446808511,0.0851063829787234,22.1455126989545,Mixed,47,11.53191489361702,False,False
921316,0,80,80,1.0,0.0,0.0,Outbound,21,3.8095238095238093,False,False
921318,2323,2560,4883,0.5242678681138644,0.10909090909090909,15.474105768793603,Mixed,45,56.888888888888886,False,False
921320,79,269,348,0.7729885057471264,0.047619047619047616,27.670849652992512,Outbound,26,10.346153846153847,False,False
921574,0,1506,1506,1.0,0.0,0.0,Outbound,11,136.9090909090909,False,False
921584,0,1266,1266,1.0,0.0,0.0,Outbound,14,90.42857142857143,False,False
921592,0,1602,1602,1.0,0.0,0.0,Outbound,12,133.5,False,False
921594,0,1078,1078,1.0,0.0,0.0,Outbound,9,119.77777777777777,False,False
921596,0,1270,1270,1.0,0.0,0.0,Outbound,11,115.45454545454545,False,False
921814,42,43,85,0.5058823529411764,0.2,6.493506493506493,Mixed,9,4.777777777777778,False,False
921818,1808,2106,3914,0.5380684721512519,0.12857142857142856,11.731148976667717,Mixed,60,35.1,False,False
922114,1,11,12,0.9166666666666666,0.0,61.0,Outbound,5,2.2,True,True
922142,0,733,733,1.0,0.0,0.0,Outbound,52,14.096153846153847,False,False
922154,2,0,2,0.0,0.0,9.0,Inbound,2,0.0,False,False
922356,18,0,18,0.0,0.0,27.12037037037037,Inbound,9,0.0,False,False
922428,27,204,231,0.8831168831168831,0.0,8.604166666666666,Outbound,26,7.846153846153846,False,False
922474,63,211,274,0.7700729927007299,0.0,8.858482142857143,Outbound,18,11.722222222222221,False,False
922476,0,196,196,1.0,0.0,0.0,Outbound,13,15.076923076923077,False,False
922486,1,5,6,0.8333333333333334,0.0,8.0,Outbound,5,1.0,True,True
922698,4,12,16,0.75,0.0,9.166666666666668,Outbound,3,4.0,False,False
922710,0,1590,1590,1.0,0.0,0.0,Outbound,12,132.5,False,False
923250,0,148,148,1.0,0.0,0.0,Outbound,19,7.7894736842105265,False,False
923254,1,9,10,0.9,0.0,45.0,Outbound,4,2.25,True,False
923526,901,1832,2733,0.6703256494694475,0.031746031746031744,7.849677229299478,Mixed,60,30.533333333333335,False,False
923528,119,638,757,0.8428005284015853,0.041666666666666664,25.54141865079365,Outbound,55,11.6,False,False
923646,1,0,1,0.0,0.0,19.0,Inbound,1,0.0,False,False
923666,0,1805,1805,1.0,0.0,0.0,Outbound,16,112.8125,False,False
923744,1,0,1,0.0,0.0,5.0,Inbound,1,0.0,False,False
923944,41,0,41,0.0,0.0,11.75,Inbound,28,0.0,False,False
924356,0,262,262,1.0,0.0,0.0,Outbound,27,9.703703703703704,False,False
924370,0,14,14,1.0,0.0,0.0,Outbound,10,1.4,True,True
924544,104,13,117,0.1111111111111111,0.0,6.539985994397759,Inbound,34,0.38235294117647056,False,False
924546,44,71,115,0.6173913043478261,0.043478260869565216,17.235507246376812,Mixed,31,2.2903225806451615,True,True
924572,0,1,1,1.0,0.0,0.0,Outbound,1,1.0,True,False
924614,6,16,22,0.7272727272727273,0.0,7.583333333333334,Outbound,4,4.0,False,False
924662,1,0,1,0.0,0.0,20.0,Inbound,1,0.0,False,False
924928,30,49,79,0.620253164556962,0.06666666666666667,33.358333333333334,Mixed,25,1.96,True,True
924930,21,224,245,0.9142857142857143,0.07692307692307693,19.685897435897438,Outbound,31,7.225806451612903,False,False
924932,3,28,31,0.9032258064516129,0.0,18.0,Outbound,16,1.75,True,True
924934,5,569,574,0.9912891986062717,0.0,50.166666666666664,Outbound,28,20.321428571428573,False,False
924936,8,0,8,0.0,0.16666666666666666,21.083333333333332,Inbound,6,0.0,False,False
924940,8,193,201,0.9601990049751243,0.0,20.22222222222222,Outbound,28,6.892857142857143,False,False
924946,7,41,48,0.8541666666666666,0.0,28.333333333333332,Outbound,13,3.1538461538461537,True,True
924948,15,238,253,0.9407114624505929,0.08333333333333333,17.75,Outbound,37,6.4324324324324325,False,False
924950,25,287,312,0.9198717948717948,0.0,22.80392156862745,Outbound,39,7.358974358974359,False,False
924952,22,90,112,0.8035714285714286,0.0,21.818181818181817,Outbound,29,3.103448275862069,True,True
924954,19,118,137,0.8613138686131386,0.07692307692307693,32.85897435897436,Outbound,22,5.363636363636363,False,False
924956,32,62,94,0.6595744680851063,0.0,20.62280701754386,Mixed,25,2.48,True,True
924958,29,215,244,0.8811475409836066,0.0,13.720588235294118,Outbound,35,6.142857142857143,False,False
924960,54,230,284,0.8098591549295775,0.03225806451612903,23.681643625192013,Outbound,42,5.476190476190476,False,False
925104,873,1183,2056,0.5753891050583657,0.0,7.463562478928331,Mixed,58,20.396551724137932,False,False
925106,21,0,21,0.0,0.0,26.67777777777778,Inbound,14,0.0,False,False
925134,0,44,44,1.0,0.0,0.0,Outbound,1,44.0,False,False
925808,11,0,11,0.0,0.0,20.11111111111111,Inbound,8,0.0,False,False
925826,157,510,667,0.7646176911544228,0.02702702702702703,6.813963963963964,Outbound,38,13.421052631578947,False,False
925828,160,429,589,0.7283531409168081,0.0,6.455147058823529,Outbound,35,12.257142857142858,False,False
925922,418,19603,20021,0.9791219219819189,0.2962962962962963,7.203247863247863,Outbound,24,816.7916666666666,False,False
926184,36,31,67,0.4626865671641791,0.0,11.177777777777777,Mixed,14,2.2142857142857144,True,True
926214,3,0,3,0.0,0.0,9.0,Inbound,1,0.0,False,False
926312,10,130,140,0.9285714285714286,0.0,13.777777777777779,Outbound,26,5.0,False,False
926486,14,2280,2294,0.993897122929381,0.0,8.545454545454545,Outbound,46,49.56521739130435,False,False
926490,11,133,144,0.9236111111111112,0.1111111111111111,24.814814814814817,Outbound,28,4.75,False,False
926872,24,7,31,0.22580645161290322,0.07692307692307693,0.8589743589743589,Inbound,13,0.5384615384615384,False,False
927070,32,0,32,0.0,0.0,44.34583333333333,Inbound,20,0.0,False,False
927142,4,3,7,0.42857142857142855,0.0,3.75,Mixed,5,0.6,True,True
927908,5,0,5,0.0,0.0,2.3333333333333335,Inbound,3,0.0,False,False
927910,23,0,23,0.0,0.1111111111111111,2.4074074074074074,Inbound,8,0.0,False,False
927912,17,0,17,0.0,0.125,2.8125,Inbound,7,0.0,False,False
927916,134,426,560,0.7607142857142857,0.0,2.1602589540089543,Outbound,22,19.363636363636363,False,False
928022,4,0,4,0.0,0.0,15.666666666666668,Inbound,2,0.0,False,False
928092,5,0,5,0.0,0.0,49.666666666666664,Inbound,3,0.0,True,False
928142,7,0,7,0.0,0.0,13.714285714285714,Inbound,7,0.0,False,False
928202,25,0,25,0.0,0.0,15.660714285714286,Inbound,14,0.0,False,False
928228,0,47,47,1.0,0.0,0.0,Outbound,2,23.5,False,False
928282,0,2,2,1.0,0.0,0.0,Outbound,2,1.0,True,False
928284,0,2,2,1.0,0.0,0.0,Outbound,1,2.0,True,False
928312,18,1851,1869,0.9903691813804173,0.0,14.107142857142858,Outbound,39,47.46153846153846,False,False
928382,9,9,18,0.5,0.14285714285714285,3.0,Mixed,9,1.0,True,True
928404,5,0,5,0.0,0.0,15.5,Inbound,3,0.0,False,False
928518,0,312,312,1.0,0.0,0.0,Outbound,3,104.0,False,False
928886,53,681,734,0.9277929155313351,0.04,8.76,Outbound,34,20.029411764705884,False,False
928888,314,553,867,0.6378316032295271,0.02857142857142857,8.070664732093302,Mixed,35,15.8,False,False
928926,1,15,16,0.9375,0.0,5.0,Outbound,4,3.75,False,False
929228,1,87,88,0.9886363636363636,0.0,24.0,Outbound,21,4.142857142857143,False,False
929332,36,0,36,0.0,0.0,15.4140625,Inbound,15,0.0,False,False
929340,8,0,8,0.0,0.0,44.75,Inbound,6,0.0,False,False
929424,1266,3963,5229,0.7578886976477338,0.061224489795918366,1.2511086108706537,Outbound,49,80.87755102040816,False,False
929426,0,11189,11189,1.0,0.0,0.0,Outbound,32,349.65625,False,False
929428,0,23754,23754,1.0,0.0,0.0,Outbound,33,719.8181818181819,False,False
929542,0,2,2,1.0,0.0,0.0,Outbound,2,1.0,True,False
929544,0,66,66,1.0,0.0,0.0,Outbound,8,8.25,False,False
929622,12,4,16,0.25,0.0,14.416666666666666,Inbound,9,0.4444444444444444,False,False
929626,35,20,55,0.36363636363636365,0.0,11.772222222222222,Mixed,22,0.9090909090909091,True,True
929876,36,78,114,0.6842105263157895,0.05263157894736842,13.494736842105262,Mixed,29,2.689655172413793,True,True
929884,31,25,56,0.44642857142857145,0.0,20.56060606060606,Mixed,17,1.4705882352941178,True,True
930020,85,555,640,0.8671875,0.1724137931034483,8.854022988505747,Outbound,34,16.323529411764707,False,False
930186,5,53,58,0.9137931034482759,0.0,5.75,Outbound,11,4.818181818181818,False,False
930242,4,0,4,0.0,0.25,17.25,Inbound,4,0.0,True,False
930264,4,0,4,0.0,0.0,10.666666666666666,Inbound,3,0.0,False,False
930326,10,1,11,0.09090909090909091,0.0,10.8125,Inbound,8,0.125,False,False
930510,2,2,4,0.5,0.0,22.0,Mixed,4,0.5,True,False
930524,0,28,28,1.0,0.0,0.0,Outbound,8,3.5,False,False
930582,1,0,1,0.0,0.0,16.0,Inbound,1,0.0,False,False
930586,0,224,224,1.0,0.0,0.0,Outbound,28,8.0,False,False
930590,0,62,62,1.0,0.0,0.0,Outbound,15,4.133333333333334,False,False
930594,2,53,55,0.9636363636363636,0.0,10.5,Outbound,18,2.9444444444444446,True,True
930660,4,19,23,0.8260869565217391,0.0,6.5,Outbound,7,2.7142857142857144,True,True
930662,0,23,23,1.0,0.0,0.0,Outbound,10,2.3,True,True
930690,2,4,6,0.6666666666666666,0.0,6.5,Mixed,5,0.8,True,True
930692,0,6,6,1.0,0.0,0.0,Outbound,1,6.0,False,False
930814,11,3,14,0.21428571428571427,0.0,14.407407407407407,Inbound,9,0.3333333333333333,False,False
930816,4,1,5,0.2,0.0,12.75,Inbound,5,0.2,False,False
930818,3,0,3,0.0,0.0,13.666666666666666,Inbound,3,0.0,False,False
930820,5,1,6,0.16666666666666666,0.0,14.2,Inbound,6,0.16666666666666666,False,False
930908,34,40,74,0.5405405405405406,0.0,5.8977272727272725,Mixed,24,1.6666666666666667,True,True
930910,1,12,13,0.9230769230769231,0.0,5.0,Outbound,8,1.5,True,True
930912,0,215,215,1.0,0.0,0.0,Outbound,9,23.88888888888889,False,False
930914,0,314,314,1.0,0.0,0.0,Outbound,29,10.827586206896552,False,False
931458,2078,2363,4441,0.5320873677099752,0.19230769230769232,19.12611689896334,Mixed,42,56.26190476190476,False,False
931914,31,0,31,0.0,0.0,16.37962962962963,Inbound,18,0.0,False,False
932050,0,145,145,1.0,0.0,0.0,Outbound,7,20.714285714285715,False,False
932088,0,12,12,1.0,0.0,0.0,Outbound,2,6.0,False,False
932246,0,1,1,1.0,0.0,0.0,Outbound,1,1.0,True,False
932292,6,97,103,0.941747572815534,0.0,17.333333333333332,Outbound,17,5.705882352941177,False,False
932304,2,44,46,0.9565217391304348,0.0,20.0,Outbound,13,3.3846153846153846,False,False
932460,25,0,25,0.0,0.06666666666666667,16.26,Inbound,14,0.0,False,False
932498,1,274,275,0.9963636363636363,0.0,11.0,Outbound,7,39.142857142857146,False,False
932500,8,1167,1175,0.9931914893617021,0.0,17.333333333333332,Outbound,23,50.73913043478261,False,False
932502,4,755,759,0.994729907773386,0.0,15.75,Outbound,15,50.333333333333336,False,False
932672,7,0,7,0.0,0.0,1.2,Inbound,3,0.0,False,False
932676,0,4,4,1.0,0.0,0.0,Outbound,1,4.0,False,False
932750,12,17,29,0.5862068965517241,0.0,9.3,Mixed,7,2.4285714285714284,True,True
932754,2,3,5,0.6,0.0,5.5,Mixed,4,0.75,True,False
932798,98,10,108,0.09259259259259259,0.038461538461538464,9.476282051282052,Inbound,22,0.45454545454545453,False,False
932836,21,305,326,0.9355828220858896,0.0,16.21969696969697,Outbound,37,8.243243243243244,False,False
932856,0,4,4,1.0,0.0,0.0,Outbound,2,2.0,True,False
933070,67,782,849,0.9210836277974087,0.16666666666666666,6.505024605024605,Outbound,5,156.4,False,False
933244,2,84,86,0.9767441860465116,0.0,9.0,Outbound,6,14.0,False,False
933452,0,4,4,1.0,0.0,0.0,Outbound,3,1.3333333333333333,True,False
933804,25,0,25,0.0,0.0,14.083333333333332,Inbound,14,0.0,False,False
933806,0,336,336,1.0,0.0,0.0,Outbound,23,14.608695652173912,False,False
933810,0,107,107,1.0,0.0,0.0,Outbound,10,10.7,False,False
933832,23,0,23,0.0,0.0,27.416666666666668,Inbound,16,0.0,False,False
933986,14,10,24,0.4166666666666667,0.125,16.9375,Mixed,8,1.25,True,True
933996,4,11,15,0.7333333333333333,0.0,25.5,Outbound,7,1.5714285714285714,True,True
934000,8,2,10,0.2,0.0,15.666666666666668,Inbound,5,0.4,False,False
934074,37,0,37,0.0,0.05263157894736842,16.63157894736842,Inbound,19,0.0,False,False
934076,11,0,11,0.0,0.14285714285714285,26.785714285714285,Inbound,6,0.0,False,False
934098,6,0,6,0.0,0.4,27.1,Inbound,4,0.0,True,False
934170,8,0,8,0.0,0.0,10.7,Inbound,5,0.0,False,False
934188,6,2,8,0.25,0.0,12.666666666666666,Inbound,3,0.6666666666666666,False,False
934424,6,0,6,0.0,0.0,27.1,Inbound,5,0.0,False,False
934426,0,222,222,1.0,0.0,0.0,Outbound,3,74.0,False,False
934428,36,0,36,0.0,0.0,23.488095238095237,Inbound,21,0.0,False,False
934430,28,0,28,0.0,0.045454545454545456,25.53409090909091,Inbound,22,0.0,False,False
934432,8,0,8,0.0,0.0,35.94444444444444,Inbound,6,0.0,False,False
934476,1,10,11,0.9090909090909091,0.0,13.0,Outbound,1,10.0,False,False
934534,127,0,127,0.0,0.05263157894736842,18.564588919852078,Inbound,36,0.0,False,False
934608,9,0,9,0.0,0.0,13.285714285714286,Inbound,7,0.0,False,False
935216,2,33,35,0.9428571428571428,0.0,5.0,Outbound,13,2.5384615384615383,True,True
935244,2,27,29,0.9310344827586207,0.0,19.0,Outbound,4,6.75,False,False
935246,0,4,4,1.0,0.0,0.0,Outbound,3,1.3333333333333333,True,False
935264,4,55,59,0.9322033898305084,0.0,7.0,Outbound,3,18.333333333333332,False,False
935268,5,0,5,0.0,0.0,9.375,Inbound,4,0.0,False,False
935348,147,169,316,0.5348101265822784,0.045454545454545456,7.597103780058325,Mixed,33,5.121212121212121,False,False
935394,1,0,1,0.0,0.0,7.0,Inbound,1,0.0,False,False
935548,19,3,22,0.13636363636363635,0.0,11.972222222222221,Inbound,13,0.23076923076923078,False,False
935870,8,0,8,0.0,0.0,12.428571428571429,Inbound,7,0.0,False,False
935956,2,1,3,0.3333333333333333,0.0,52.5,Mixed,2,0.5,True,False
935958,35,0,35,0.0,0.05,23.2875,Inbound,19,0.0,False,False
936110,156,0,156,0.0,0.0,15.706017153578129,Inbound,40,0.0,False,False
936296,0,4,4,1.0,0.0,0.0,Outbound,2,2.0,True,False
936324,28,95,123,0.7723577235772358,0.0,14.375,Outbound,19,5.0,False,False
936382,1,390,391,0.9974424552429667,0.0,39.0,Outbound,18,21.666666666666668,False,False
936514,81,0,81,0.0,0.029411764705882353,17.622549019607842,Inbound,30,0.0,False,False
936984,70,0,70,0.0,0.0,15.09375,Inbound,32,0.0,False,False
937156,0,65,65,1.0,0.0,0.0,Outbound,12,5.416666666666667,False,False
937352,0,31,31,1.0,0.0,0.0,Outbound,11,2.8181818181818183,True,True
937362,5,5,10,0.5,0.0,51.0,Mixed,3,1.6666666666666667,True,False
937366,3,2,5,0.4,0.0,56.25,Mixed,4,0.5,True,False
937368,22,10,32,0.3125,0.15384615384615385,21.55128205128205,Mixed,12,0.8333333333333334,True,True
937370,1,5,6,0.8333333333333334,0.0,7.0,Outbound,3,1.6666666666666667,True,False
937372,0,1171,1171,1.0,0.0,0.0,Outbound,11,106.45454545454545,False,False
937374,25,0,25,0.0,0.0,36.598958333333336,Inbound,16,0.0,False,False
937422,0,36,36,1.0,0.0,0.0,Outbound,6,6.0,False,False
937428,0,8,8,1.0,0.0,0.0,Outbound,4,2.0,True,False
937430,0,33,33,1.0,0.0,0.0,Outbound,6,5.5,False,False
937432,3,19,22,0.8636363636363636,0.3333333333333333,12.0,Outbound,5,3.8,False,False
937604,7,52,59,0.8813559322033898,0.0,9.2,Outbound,21,2.4761904761904763,True,True
937650,0,91,91,1.0,0.0,0.0,Outbound,5,18.2,False,False
937678,16,159,175,0.9085714285714286,0.0,10.416666666666666,Outbound,29,5.482758620689655,False,False
937708,190,648,838,0.7732696897374701,0.0,13.27687251984127,Outbound,31,20.903225806451612,False,False
937710,0,1,1,1.0,0.0,0.0,Outbound,1,1.0,True,False
937716,0,1,1,1.0,0.0,0.0,Outbound,1,1.0,True,False
937720,0,1,1,1.0,0.0,0.0,Outbound,1,1.0,True,False
937732,116,191,307,0.6221498371335505,0.058823529411764705,17.480704099821747,Mixed,30,6.366666666666666,False,False
937736,284,1153,1437,0.802366040361865,0.058823529411764705,13.325527985086808,Outbound,29,39.758620689655174,False,False
937742,16,3,19,0.15789473684210525,0.0,15.65151515151515,Inbound,13,0.23076923076923078,False,False
937750,57,46,103,0.44660194174757284,0.07142857142857142,20.8671485260771,Mixed,13,3.5384615384615383,False,False
937752,412,1616,2028,0.796844181459566,0.0,13.616615988620017,Outbound,34,47.529411764705884,False,False
937760,292,727,1019,0.7134445534838076,0.02857142857142857,12.74223173651745,Outbound,30,24.233333333333334,False,False
937762,96,196,292,0.6712328767123288,0.030303030303030304,12.805555555555555,Mixed,35,5.6,False,False
937770,0,1,1,1.0,0.0,0.0,Outbound,1,1.0,True,False
937772,0,1,1,1.0,0.0,0.0,Outbound,1,1.0,True,False
937774,140,138,278,0.49640287769784175,0.0,8.615011094043352,Mixed,13,10.615384615384615,False,False
937778,0,1,1,1.0,0.0,0.0,Outbound,1,1.0,True,False
937780,160,783,943,0.8303287380699894,0.05555555555555555,12.135289479039479,Outbound,29,27.0,False,False
937782,25,26,51,0.5098039215686274,0.0,11.901041666666666,Mixed,22,1.1818181818181819,True,True
937786,3,12,15,0.8,0.0,8.75,Outbound,3,4.0,False,False
937788,125,472,597,0.7906197654941374,0.0,10.28637566137566,Outbound,27,17.48148148148148,False,False
937808,127,811,938,0.8646055437100213,0.03333333333333333,11.432344322344322,Outbound,29,27.96551724137931,False,False
937810,80,274,354,0.7740112994350282,0.0,9.281182795698927,Outbound,30,9.133333333333333,False,False
937812,166,187,353,0.5297450424929179,0.03333333333333333,13.743411033411034,Mixed,28,6.678571428571429,False,False
937854,164,553,717,0.7712691771269177,0.0,8.884629981024668,Outbound,31,17.838709677419356,False,False
937856,11,28,39,0.717948717948718,0.0,12.428571428571429,Outbound,16,1.75,True,True
937860,224,1424,1648,0.8640776699029126,0.08333333333333333,8.484197130030463,Outbound,30,47.46666666666667,False,False
937862,122,353,475,0.7431578947368421,0.0,11.941379310344828,Outbound,28,12.607142857142858,False,False
937864,48,49,97,0.5051546391752577,0.05555555555555555,9.346957671957671,Mixed,17,2.8823529411764706,True,True
937868,63,250,313,0.7987220447284346,0.043478260869565216,10.701863354037267,Outbound,29,8.620689655172415,False,False
937870,0,13,13,1.0,0.0,0.0,Outbound,3,4.333333333333333,False,False
937872,0,1,1,1.0,0.0,0.0,Outbound,1,1.0,True,False
937874,19,131,150,0.8733333333333333,0.16666666666666666,9.729166666666666,Outbound,5,26.2,False,False
937880,7,0,7,0.0,0.0,9.666666666666668,Inbound,4,0.0,False,False
937888,193,972,1165,0.8343347639484978,0.0,9.05370312227455,Outbound,34,28.58823529411765,False,False
937898,9,32,41,0.7804878048780488,0.5,7.357142857142858,Outbound,1,32.0,False,False
937900,0,4,4,1.0,0.0,0.0,Outbound,1,4.0,False,False
937902,247,899,1146,0.7844677137870855,0.03333333333333333,11.70985959574195,Outbound,31,29.0,False,False
937956,773,1,774,0.0012919896640826874,0.13559322033898305,1.3950550833263777,Inbound,44,0.022727272727272728,False,False
937958,292,0,292,0.0,0.09433962264150944,9.58240983335323,Inbound,43,0.0,False,False
937960,204,0,204,0.0,0.0425531914893617,13.685385005065855,Inbound,41,0.0,False,False
937962,106,0,106,0.0,0.08108108108108109,23.076801801801803,Inbound,30,0.0,False,False
937966,243,819,1062,0.7711864406779662,0.0625,8.382875804750805,Outbound,30,27.3,False,False
937980,82,145,227,0.6387665198237885,0.0,9.997575757575756,Mixed,17,8.529411764705882,False,False
937984,24,39,63,0.6190476190476191,0.0,9.083333333333334,Mixed,14,2.7857142857142856,True,True
937988,72,274,346,0.791907514450867,0.0,11.272,Outbound,25,10.96,False,False
938022,14,265,279,0.9498207885304659,0.0,9.49,Outbound,5,53.0,False,False
938070,0,671,671,1.0,0.0,0.0,Outbound,4,167.75,False,False
938072,0,472,472,1.0,0.0,0.0,Outbound,4,118.0,False,False
938074,0,611,611,1.0,0.0,0.0,Outbound,5,122.2,False,False
938078,0,750,750,1.0,0.0,0.0,Outbound,5,150.0,False,False
938080,0,660,660,1.0,0.0,0.0,Outbound,4,165.0,False,False
938414,93,46,139,0.33093525179856115,0.2222222222222222,22.89895217346198,Mixed,13,3.5384615384615383,True,True
938432,9,0,9,0.0,0.0,19.041666666666668,Inbound,6,0.0,False,False
938612,64,125,189,0.6613756613756614,0.0,5.431372549019607,Mixed,17,7.352941176470588,False,False
938614,33,29,62,0.46774193548387094,0.07692307692307693,5.756410256410256,Mixed,16,1.8125,True,True
938842,0,90,90,1.0,0.0,0.0,Outbound,6,15.0,False,False
938896,1058,2272,3330,0.6822822822822823,0.10638297872340426,8.137596051955343,Mixed,43,52.83720930232558,False,False
939212,8,9,17,0.5294117647058824,0.0,18.5,Mixed,10,0.9,True,True
939218,11,359,370,0.9702702702702702,0.0,7.5,Outbound,26,13.807692307692308,False,False
939222,34,873,907,0.9625137816979051,0.0,12.8015873015873,Outbound,30,29.1,False,False
939224,32,1341,1373,0.976693372177713,0.06666666666666667,15.74,Outbound,29,46.241379310344826,False,False
939236,0,5,5,1.0,0.0,0.0,Outbound,3,1.6666666666666667,True,False
939370,482,491,973,0.5046248715313464,0.09090909090909091,19.022783584443662,Mixed,40,12.275,False,False
939376,261,1075,1336,0.8046407185628742,0.03333333333333333,14.624375673346261,Outbound,33,32.57575757575758,False,False
939470,19,729,748,0.9745989304812834,0.0,14.511904761904761,Outbound,14,52.07142857142857,False,False
939474,187,561,748,0.75,0.0,13.046434827849634,Outbound,24,23.375,False,False
939476,40,716,756,0.9470899470899471,0.14285714285714285,10.167573696145125,Outbound,16,44.75,False,False
939478,19,105,124,0.8467741935483871,0.08333333333333333,31.8125,Outbound,18,5.833333333333333,False,False
939684,17,131,148,0.8851351351351351,0.0,15.225,Outbound,21,6.238095238095238,False,False
939698,2,1,3,0.3333333333333333,0.0,13.0,Mixed,2,0.5,True,False
939706,519,1023,1542,0.6634241245136187,0.12121212121212122,9.20354244593482,Mixed,30,34.1,False,False
939708,10,36,46,0.782608695652174,0.14285714285714285,11.45238095238095,Outbound,6,6.0,False,False
939716,8,16,24,0.6666666666666666,0.0,5.166666666666666,Mixed,6,2.6666666666666665,True,True
939718,0,10,10,1.0,0.0,0.0,Outbound,4,2.5,True,False
939736,0,19,19,1.0,0.0,0.0,Outbound,6,3.1666666666666665,True,True
939738,0,634,634,1.0,0.0,0.0,Outbound,30,21.133333333333333,False,False
939762,808,1878,2686,0.699180938198064,0.0,16.407160505220496,Mixed,42,44.714285714285715,False,False
939886,0,281,281,1.0,0.0,0.0,Outbound,22,12.772727272727273,False,False
940430,64,27,91,0.2967032967032967,0.04,0.8746666666666667,Inbound,24,1.125,False,False
940432,139,166,305,0.5442622950819672,0.0,7.348692810457516,Mixed,20,8.3,False,False
940434,126,133,259,0.5135135135135135,0.0,5.0322126286412,Mixed,28,4.75,False,False
940436,30,6,36,0.16666666666666666,0.0,12.082539682539682,Inbound,9,0.6666666666666666,False,False
940438,62,374,436,0.8577981651376146,0.0,5.328030303030303,Outbound,27,13.851851851851851,False,False
940440,46,14,60,0.23333333333333334,0.0,13.656994047619047,Inbound,18,0.7777777777777778,False,False
940442,196,297,493,0.6024340770791075,0.07407407407407407,0.6789442039442039,Mixed,26,11.423076923076923,False,False
940456,26,32,58,0.5517241379310345,0.0,7.888888888888888,Mixed,20,1.6,True,True
940458,23,66,89,0.7415730337078652,0.0,31.385964912280702,Outbound,25,2.64,True,True
940460,0,82,82,1.0,0.0,0.0,Outbound,19,4.315789473684211,False,False
940474,0,26,26,1.0,0.0,0.0,Outbound,12,2.1666666666666665,True,True
940486,0,23,23,1.0,0.0,0.0,Outbound,3,7.666666666666667,False,False
940508,2,0,2,0.0,0.0,41.5,Inbound,1,0.0,False,False
940512,1,0,1,0.0,0.0,19.0,Inbound,1,0.0,False,False
940514,1,0,1,0.0,0.0,11.0,Inbound,1,0.0,False,False
940568,3,7,10,0.7,0.0,7.0,Mixed,4,1.75,True,False
940588,2127,67,2194,0.030537830446672742,0.28846153846153844,4.072817632388772,Inbound,29,2.310344827586207,True,True
940596,1,406,407,0.9975429975429976,0.0,4.0,Outbound,6,67.66666666666667,False,False
940610,1,1,2,0.5,0.0,4.0,Mixed,2,0.5,True,False
940614,145,426,571,0.7460595446584939,0.2727272727272727,4.662647851468764,Outbound,11,38.72727272727273,False,False
940616,578,2393,2971,0.8054527095254124,0.16129032258064516,5.273109177265817,Outbound,25,95.72,False,False
940622,677,718,1395,0.5146953405017921,0.35714285714285715,5.216112256700744,Mixed,17,42.23529411764706,True,True
940624,572,1166,1738,0.6708860759493671,0.08823529411764706,5.77223149695372,Mixed,27,43.18518518518518,False,False
940630,1985,127,2112,0.06013257575757576,0.22448979591836735,5.0595895784324405,Inbound,29,4.379310344827586,True,True
940634,432,1623,2055,0.7897810218978102,0.2,9.162727667069772,Outbound,23,70.56521739130434,False,False
940652,414,860,1274,0.6750392464678179,0.25,4.796104264426094,Mixed,20,43.0,True,True
940658,862,1726,2588,0.6669242658423493,0.16216216216216217,5.033542916482027,Mixed,25,69.04,False,False
940772,2,0,2,0.0,0.0,4.5,Inbound,1,0.0,False,False
940782,0,8,8,1.0,0.0,0.0,Outbound,2,4.0,False,False
940788,0,11,11,1.0,0.0,0.0,Outbound,6,1.8333333333333333,True,True
940802,0,5,5,1.0,0.0,0.0,Outbound,2,2.5,True,False
940814,0,2,2,1.0,0.0,0.0,Outbound,1,2.0,True,False
940828,1,7,8,0.875,0.0,2.0,Outbound,2,3.5,False,False
940842,0,2,2,1.0,0.0,0.0,Outbound,2,1.0,True,False
940848,0,2,2,1.0,0.0,0.0,Outbound,1,2.0,True,False
940952,141,110,251,0.43824701195219123,0.0,11.630433244916004,Mixed,17,6.470588235294118,False,False
940968,18,0,18,0.0,0.0,16.46153846153846,Inbound,13,0.0,False,False
941192,0,1139,1139,1.0,0.0,0.0,Outbound,26,43.80769230769231,False,False
941384,48,655,703,0.9317211948790897,0.0,11.371527777777779,Outbound,31,21.129032258064516,False,False
941390,1,369,370,0.9972972972972973,0.0,5.0,Outbound,3,123.0,False,False
941628,1,147,148,0.9932432432432432,0.0,19.0,Outbound,5,29.4,False,False
941736,0,10,10,1.0,0.0,0.0,Outbound,3,3.3333333333333335,True,False
941740,0,8,8,1.0,0.0,0.0,Outbound,3,2.6666666666666665,True,False
941786,3,0,3,0.0,0.0,13.0,Inbound,1,0.0,False,False
941810,0,4,4,1.0,0.0,0.0,Outbound,2,2.0,True,False
941816,0,1,1,1.0,0.0,0.0,Outbound,1,1.0,True,False
941826,0,1,1,1.0,0.0,0.0,Outbound,1,1.0,True,False
941838,0,9,9,1.0,0.0,0.0,Outbound,3,3.0,True,False
941842,0,3,3,1.0,0.0,0.0,Outbound,3,1.0,True,False
941844,7,11,18,0.6111111111111112,0.25,17.416666666666668,Mixed,6,1.8333333333333333,True,True
942174,0,6,6,1.0,0.0,0.0,Outbound,2,3.0,True,False
942214,2,0,2,0.0,0.0,10.5,Inbound,2,0.0,False,False
943050,0,73,73,1.0,0.0,0.0,Outbound,1,73.0,False,False
943066,89,171,260,0.6576923076923077,0.0,13.390247252747253,Mixed,27,6.333333333333333,False,False
943818,1,22,23,0.9565217391304348,0.0,5.0,Outbound,3,7.333333333333333,False,False
944210,114,46,160,0.2875,0.0,31.28327549643339,Inbound,20,2.3,False,False
944216,235,133,368,0.36141304347826086,0.3076923076923077,39.707138748004134,Mixed,36,3.6944444444444446,True,True
944218,245,164,409,0.40097799511002447,0.22916666666666666,37.50626803751803,Mixed,37,4.4324324324324325,True,True
944220,265,221,486,0.4547325102880658,0.23529411764705882,37.677081034433975,Mixed,37,5.972972972972973,True,True
944222,185,344,529,0.6502835538752363,0.24444444444444444,34.71681096681097,Mixed,34,10.117647058823529,True,True
944226,180,109,289,0.3771626297577855,0.28,39.81726190476191,Mixed,36,3.0277777777777777,True,True
944228,29,5,34,0.14705882352941177,0.0,46.77230769230769,Inbound,10,0.5,True,True
944246,9,1,10,0.1,0.0,35.66666666666667,Inbound,5,0.2,False,False
944310,3,0,3,0.0,0.0,4.5,Inbound,2,0.0,False,False
944474,6,12,18,0.6666666666666666,0.0,25.0,Mixed,4,3.0,True,False
944476,189,16,205,0.07804878048780488,0.0,13.445476745476745,Inbound,29,0.5517241379310345,False,False
944560,5,1,6,0.16666666666666666,0.0,18.333333333333332,Inbound,4,0.25,False,False
944564,2,0,2,0.0,0.0,14.0,Inbound,2,0.0,False,False
944644,26,145,171,0.847953216374269,0.0,24.565476190476193,Outbound,21,6.904761904761905,False,False
944646,219,333,552,0.6032608695652174,0.041666666666666664,8.958523478835978,Mixed,26,12.807692307692308,False,False
944648,5,41,46,0.8913043478260869,0.0,38.5,Outbound,12,3.4166666666666665,False,False
944764,355,256,611,0.41898527004909986,0.09523809523809523,9.099686291359225,Mixed,19,13.473684210526315,False,False
944766,152,140,292,0.4794520547945205,0.08333333333333333,9.359730710466005,Mixed,12,11.666666666666666,False,False
944808,229,0,229,0.0,0.0,2.1265544669755196,Inbound,30,0.0,False,False
944908,2,0,2,0.0,0.0,13.5,Inbound,2,0.0,False,False
945046,60,29,89,0.3258426966292135,0.23076923076923078,18.983682983682982,Mixed,9,3.2222222222222223,True,True
945052,59,16,75,0.21333333333333335,0.1111111111111111,12.742592592592594,Inbound,8,2.0,False,False
945058,4,1,5,0.2,0.0,19.166666666666664,Inbound,3,0.3333333333333333,False,False
945074,0,3,3,1.0,0.0,0.0,Outbound,1,3.0,True,False
945274,0,1,1,1.0,0.0,0.0,Outbound,1,1.0,True,False
945278,0,4001,4001,1.0,0.0,0.0,Outbound,22,181.86363636363637,False,False
945280,0,2399,2399,1.0,0.0,0.0,Outbound,21,114.23809523809524,False,False
945282,0,2309,2309,1.0,0.0,0.0,Outbound,28,82.46428571428571,False,False
945284,0,2071,2071,1.0,0.0,0.0,Outbound,20,103.55,False,False
945286,0,6880,6880,1.0,0.0,0.0,Outbound,28,245.71428571428572,False,False
945288,0,2209,2209,1.0,0.0,0.0,Outbound,18,122.72222222222223,False,False
945290,0,3373,3373,1.0,0.0,0.0,Outbound,32,105.40625,False,False
945294,0,3368,3368,1.0,0.0,0.0,Outbound,20,168.4,False,False
945296,0,2434,2434,1.0,0.0,0.0,Outbound,35,69.54285714285714,False,False
945298,0,1313,1313,1.0,0.0,0.0,Outbound,19,69.10526315789474,False,False
945302,0,6138,6138,1.0,0.0,0.0,Outbound,35,175.37142857142857,False,False
945304,0,2576,2576,1.0,0.0,0.0,Outbound,19,135.57894736842104,False,False
945308,0,1584,1584,1.0,0.0,0.0,Outbound,16,99.0,False,False
945310,0,3311,3311,1.0,0.0,0.0,Outbound,22,150.5,False,False
945312,0,2146,2146,1.0,0.0,0.0,Outbound,25,85.84,False,False
945314,0,1763,1763,1.0,0.0,0.0,Outbound,28,62.964285714285715,False,False
945316,0,2575,2575,1.0,0.0,0.0,Outbound,30,85.83333333333333,False,False
945318,0,1839,1839,1.0,0.0,0.0,Outbound,16,114.9375,False,False
945320,0,2177,2177,1.0,0.0,0.0,Outbound,19,114.57894736842105,False,False
945322,0,4775,4775,1.0,0.0,0.0,Outbound,31,154.03225806451613,False,False
945324,0,2226,2226,1.0,0.0,0.0,Outbound,24,92.75,False,False
945710,1,0,1,0.0,0.0,17.0,Inbound,1,0.0,False,False
945728,0,87,87,1.0,0.0,0.0,Outbound,5,17.4,False,False
945894,0,1464,1464,1.0,0.0,0.0,Outbound,9,162.66666666666666,False,False
945898,0,3,3,1.0,0.0,0.0,Outbound,1,3.0,True,False
945900,0,4210,4210,1.0,0.0,0.0,Outbound,21,200.47619047619048,False,False
945902,0,2835,2835,1.0,0.0,0.0,Outbound,20,141.75,False,False
945904,0,3813,3813,1.0,0.0,0.0,Outbound,19,200.68421052631578,False,False
946020,1,0,1,0.0,0.0,3.0,Inbound,1,0.0,False,False
946032,1,0,1,0.0,0.0,8.0,Inbound,1,0.0,False,False
946072,1,1,2,0.5,0.0,6.0,Mixed,1,1.0,True,False
946454,0,13,13,1.0,0.0,0.0,Outbound,2,6.5,False,False
946468,1,0,1,0.0,0.0,25.0,Inbound,1,0.0,False,False
946582,44,27,71,0.38028169014084506,0.0,1.1805555555555556,Mixed,11,2.4545454545454546,True,True
946916,32,0,32,0.0,0.0,13.19805194805195,Inbound,11,0.0,False,False
946988,3,5,8,0.625,0.0,9.75,Mixed,3,1.6666666666666667,True,False
947304,35,645,680,0.9485294117647058,0.16666666666666666,6.027777777777778,Outbound,17,37.94117647058823,False,False
947306,1,0,1,0.0,0.0,10.0,Inbound,1,0.0,False,False
947480,0,5,5,1.0,0.0,0.0,Outbound,2,2.5,True,False
947590,0,166,166,1.0,0.0,0.0,Outbound,19,8.736842105263158,False,False
947592,0,803,803,1.0,0.0,0.0,Outbound,14,57.357142857142854,False,False
947596,0,1,1,1.0,0.0,0.0,Outbound,1,1.0,True,False
947598,0,412,412,1.0,0.0,0.0,Outbound,17,24.235294117647058,False,False
947600,0,303,303,1.0,0.0,0.0,Outbound,14,21.642857142857142,False,False
947604,1,912,913,0.9989047097480832,0.0,14.0,Outbound,20,45.6,False,False
947610,2,19,21,0.9047619047619048,0.0,9.5,Outbound,7,2.7142857142857144,True,True
947612,1,107,108,0.9907407407407407,0.0,18.0,Outbound,18,5.944444444444445,False,False
947614,0,995,995,1.0,0.0,0.0,Outbound,17,58.529411764705884,False,False
947616,0,1967,1967,1.0,0.0,0.0,Outbound,20,98.35,False,False
947618,0,1076,1076,1.0,0.0,0.0,Outbound,15,71.73333333333333,False,False
947620,0,1158,1158,1.0,0.0,0.0,Outbound,19,60.94736842105263,False,False
947636,0,102,102,1.0,0.0,0.0,Outbound,5,20.4,False,False
947638,2,1165,1167,0.998286203941731,0.0,13.5,Outbound,18,64.72222222222223,False,False
947640,0,418,418,1.0,0.0,0.0,Outbound,12,34.833333333333336,False,False
947642,1,901,902,0.9988913525498891,0.0,14.0,Outbound,17,53.0,False,False
947644,0,446,446,1.0,0.0,0.0,Outbound,19,23.473684210526315,False,False
947646,0,1893,1893,1.0,0.0,0.0,Outbound,15,126.2,False,False
947648,0,2813,2813,1.0,0.0,0.0,Outbound,18,156.27777777777777,False,False
947650,0,1603,1603,1.0,0.0,0.0,Outbound,19,84.36842105263158,False,False
947652,0,515,515,1.0,0.0,0.0,Outbound,14,36.785714285714285,False,False
947654,0,2257,2257,1.0,0.0,0.0,Outbound,16,141.0625,False,False
947658,0,2668,2668,1.0,0.0,0.0,Outbound,19,140.42105263157896,False,False
947816,11,29,40,0.725,0.0,23.666666666666668,Outbound,8,3.625,False,False
947818,12,33,45,0.7333333333333333,0.0,9.166666666666666,Outbound,8,4.125,False,False
947820,0,9,9,1.0,0.0,0.0,Outbound,1,9.0,False,False
948150,24,9,33,0.2727272727272727,0.0,11.636904761904761,Inbound,4,2.25,False,False
948170,2,3,5,0.6,0.0,15.0,Mixed,3,1.0,True,False
948182,111,452,563,0.8028419182948491,0.0,13.110857142857144,Outbound,28,16.142857142857142,False,False
948282,1,0,1,0.0,0.0,1.0,Inbound,1,0.0,False,False
948284,4,0,4,0.0,0.0,26.75,Inbound,4,0.0,False,False
948286,319,0,319,0.0,0.13513513513513514,13.949584539058225,Inbound,29,0.0,False,False
948288,22,0,22,0.0,0.1,13.9,Inbound,9,0.0,False,False
948524,4,0,4,0.0,0.0,5.5,Inbound,4,0.0,False,False
948756,1,170,171,0.9941520467836257,1.0,8.0,Outbound,13,13.076923076923077,False,False
948758,18,518,536,0.9664179104477612,0.125,20.189285714285713,Outbound,15,34.53333333333333,False,False
949252,3,0,3,0.0,0.0,13.0,Inbound,2,0.0,False,False
949420,5,1,6,0.16666666666666666,0.0,0.75,Inbound,4,0.25,False,False
950444,0,86,86,1.0,0.0,0.0,Outbound,17,5.0588235294117645,False,False
950632,1,0,1,0.0,0.0,13.0,Inbound,1,0.0,False,False
950634,9,0,9,0.0,0.0,11.875,Inbound,8,0.0,False,False
950640,1,0,1,0.0,0.0,9.0,Inbound,1,0.0,False,False
950672,1,53,54,0.9814814814814815,0.0,13.0,Outbound,11,4.818181818181818,False,False
950806,6,3,9,0.3333333333333333,0.0,13.25,Mixed,5,0.6,True,True
950972,4,816,820,0.9951219512195122,0.0,29.25,Outbound,9,90.66666666666667,False,False
951046,3,34,37,0.918918918918919,0.0,14.0,Outbound,5,6.8,False,False
951118,4,0,4,0.0,0.0,32.5,Inbound,4,0.0,False,False
951186,92,8,100,0.08,0.0,9.145052676941221,Inbound,13,0.6153846153846154,False,False
951290,1,20,21,0.9523809523809523,0.0,17.0,Outbound,6,3.3333333333333335,True,True
951332,8,5,13,0.38461538461538464,0.0,32.0,Mixed,8,0.625,True,True
951408,0,30,30,1.0,0.0,0.0,Outbound,10,3.0,True,True
951490,27,0,27,0.0,0.0625,13.822916666666666,Inbound,15,0.0,False,False
951492,28,157,185,0.8486486486486486,0.0,21.74404761904762,Outbound,20,7.85,False,False
951506,40,197,237,0.8312236286919831,0.0,39.537254901960786,Outbound,20,9.85,False,False
951508,336,146,482,0.3029045643153527,0.30303030303030304,19.1404727099428,Mixed,19,7.684210526315789,True,True
951526,15,0,15,0.0,0.0,14.681818181818182,Inbound,11,0.0,False,False
951614,5,0,5,0.0,0.0,13.666666666666666,Inbound,3,0.0,False,False
951648,0,161,161,1.0,0.0,0.0,Outbound,2,80.5,False,False
951650,1,10,11,0.9090909090909091,0.0,45.0,Outbound,3,3.3333333333333335,True,False
952114,1,612,613,0.99836867862969,0.0,3.0,Outbound,9,68.0,False,False
952116,0,354,354,1.0,0.0,0.0,Outbound,5,70.8,False,False
952126,7,0,7,0.0,0.0,14.9,Inbound,5,0.0,False,False
952196,2,2,4,0.5,0.0,12.0,Mixed,3,0.6666666666666666,True,False
952292,2,0,2,0.0,0.0,40.5,Inbound,1,0.0,False,False
952392,0,1496,1496,1.0,0.0,0.0,Outbound,18,83.11111111111111,False,False
952458,0,1556,1556,1.0,0.0,0.0,Outbound,15,103.73333333333333,False,False
952460,0,177,177,1.0,0.0,0.0,Outbound,12,14.75,False,False
952462,8,1,9,0.1111111111111111,0.0,22.5,Inbound,6,0.16666666666666666,False,False
952466,0,88,88,1.0,0.0,0.0,Outbound,1,88.0,False,False
952468,0,1127,1127,1.0,0.0,0.0,Outbound,13,86.6923076923077,False,False
952656,4,38,42,0.9047619047619048,0.0,7.5,Outbound,13,2.923076923076923,True,True
952666,1,0,1,0.0,0.0,15.0,Inbound,1,0.0,False,False
952678,1,0,1,0.0,0.0,30.0,Inbound,1,0.0,False,False
952734,409,0,409,0.0,0.0,1.0592273603160147,Inbound,19,0.0,False,False
952914,78,580,658,0.8814589665653495,0.0,7.489470899470899,Outbound,19,30.526315789473685,False,False
952916,1,7,8,0.875,0.0,25.0,Outbound,4,1.75,True,False
952948,3542,1178,4720,0.24957627118644068,0.21212121212121213,2.298472678419703,Inbound,26,45.30769230769231,True,True
952954,2,0,2,0.0,0.0,1.0,Inbound,2,0.0,False,False
952968,2,1,3,0.3333333333333333,0.0,5.0,Mixed,2,0.5,True,False
952982,8,0,8,0.0,0.0,0.8333333333333334,Inbound,6,0.0,False,False
953362,0,10,10,1.0,0.0,0.0,Outbound,1,10.0,False,False
953458,0,59,59,1.0,0.0,0.0,Outbound,4,14.75,False,False
953460,0,7,7,1.0,0.0,0.0,Outbound,4,1.75,True,False
953462,0,684,684,1.0,0.0,0.0,Outbound,10,68.4,False,False
953464,52,317,369,0.8590785907859079,0.058823529411764705,8.998739495798318,Outbound,18,17.61111111111111,False,False
953940,1,0,1,0.0,0.0,9.0,Inbound,1,0.0,False,False
953952,7,0,7,0.0,0.0,13.333333333333334,Inbound,3,0.0,False,False
954086,31,1,32,0.03125,0.0,2.064516129032258,Inbound,2,0.5,False,False
954284,0,1,1,1.0,0.0,0.0,Outbound,1,1.0,True,False
954290,10,0,10,0.0,0.0,20.142857142857142,Inbound,7,0.0,False,False
954318,1,1,2,0.5,0.0,4.0,Mixed,2,0.5,True,False
954376,0,4,4,1.0,0.0,0.0,Outbound,2,2.0,True,False
954378,0,8,8,1.0,0.0,0.0,Outbound,2,4.0,False,False
954380,0,4,4,1.0,0.0,0.0,Outbound,2,2.0,True,False
954616,7,0,7,0.0,0.0,6.416666666666667,Inbound,6,0.0,False,False
954642,0,385,385,1.0,0.0,0.0,Outbound,8,48.125,False,False
954650,462,837,1299,0.6443418013856813,0.09523809523809523,10.41044895092514,Mixed,20,41.85,False,False
954750,223,69,292,0.2363013698630137,0.05555555555555555,21.507526547632384,Inbound,17,4.0588235294117645,False,False
954810,37,0,37,0.0,0.0,8.737878787878788,Inbound,11,0.0,False,False
955032,38,34,72,0.4722222222222222,0.08333333333333333,9.187037037037037,Mixed,12,2.8333333333333335,True,True
955068,0,2,2,1.0,0.0,0.0,Outbound,1,2.0,True,False
955082,0,14,14,1.0,0.0,0.0,Outbound,7,2.0,True,True
955086,0,1,1,1.0,0.0,0.0,Outbound,1,1.0,True,False
955090,0,26,26,1.0,0.0,0.0,Outbound,10,2.6,True,True
955094,0,2,2,1.0,0.0,0.0,Outbound,1,2.0,True,False
955164,2,3,5,0.6,0.0,26.0,Mixed,3,1.0,True,False
955436,1,0,1,0.0,0.0,23.0,Inbound,1,0.0,False,False
955820,0,9,9,1.0,0.0,0.0,Outbound,5,1.8,True,True
956080,5,0,5,0.0,0.0,48.666666666666664,Inbound,3,0.0,True,False
956268,6,22,28,0.7857142857142857,0.0,15.833333333333334,Outbound,4,5.5,False,False
956276,8,9,17,0.5294117647058824,0.0,6.888888888888888,Mixed,2,4.5,False,False
956292,3,2,5,0.4,0.0,11.666666666666666,Mixed,2,1.0,True,False
956298,0,14,14,1.0,0.0,0.0,Outbound,8,1.75,True,True
956480,86,0,86,0.0,0.0,14.726960784313725,Inbound,17,0.0,False,False
956484,13,0,13,0.0,0.0,22.555555555555557,Inbound,9,0.0,False,False
956664,1,0,1,0.0,0.0,9.0,Inbound,1,0.0,False,False
957022,0,18,18,1.0,0.0,0.0,Outbound,3,6.0,False,False
957922,3,16,19,0.8421052631578947,0.5,8.25,Outbound,5,3.2,True,True
958394,22,0,22,0.0,0.0,7.614285714285714,Inbound,10,0.0,False,False
958416,13,295,308,0.9577922077922078,0.1111111111111111,15.351851851851851,Outbound,12,24.583333333333332,False,False
958418,9,457,466,0.98068669527897,0.0,10.833333333333332,Outbound,13,35.15384615384615,False,False
958430,22,284,306,0.9281045751633987,0.0,17.925925925925927,Outbound,13,21.846153846153847,False,False
958432,15,147,162,0.9074074074074074,0.0,24.566666666666666,Outbound,14,10.5,False,False
958434,23,138,161,0.8571428571428571,0.09090909090909091,34.50757575757576,Outbound,13,10.615384615384615,False,False
958440,0,81,81,1.0,0.0,0.0,Outbound,12,6.75,False,False
958444,0,64,64,1.0,0.0,0.0,Outbound,13,4.923076923076923,False,False
958452,27,423,450,0.94,0.08333333333333333,12.986111111111112,Outbound,13,32.53846153846154,False,False
958454,2,24,26,0.9230769230769231,0.0,15.0,Outbound,10,2.4,True,True
958456,10,842,852,0.9882629107981221,0.0,33.291666666666664,Outbound,11,76.54545454545455,False,False
958458,0,1,1,1.0,0.0,0.0,Outbound,1,1.0,True,False
958460,103,112,215,0.5209302325581395,0.1875,49.14755608974359,Mixed,14,8.0,True,True
958468,7,516,523,0.9866156787762906,0.0,56.5,Outbound,13,39.69230769230769,False,False
958470,3,13,16,0.8125,0.0,50.666666666666664,Outbound,8,1.625,True,True
958472,0,28,28,1.0,0.0,0.0,Outbound,9,3.111111111111111,True,True
958478,7,302,309,0.9773462783171522,0.0,37.8,Outbound,10,30.2,False,False
958480,0,138,138,1.0,0.0,0.0,Outbound,4,34.5,False,False
958640,10,11,21,0.5238095238095238,0.1,10.5,Mixed,10,1.1,True,True
958672,0,49,49,1.0,0.0,0.0,Outbound,14,3.5,False,False
959118,0,14,14,1.0,0.0,0.0,Outbound,4,3.5,False,False
959312,56,145,201,0.7213930348258707,0.07692307692307693,7.555794205794206,Outbound,12,12.083333333333334,False,False
959596,0,9,9,1.0,0.0,0.0,Outbound,1,9.0,False,False
960294,1,296,297,0.9966329966329966,0.0,36.0,Outbound,7,42.285714285714285,False,False
960296,2,170,172,0.9883720930232558,0.0,63.0,Outbound,5,34.0,False,False
960620,50,58,108,0.5370370370370371,0.1,16.40062271062271,Mixed,10,5.8,False,False
960648,33,79,112,0.7053571428571429,0.0,16.078869047619047,Outbound,10,7.9,False,False
960666,0,1,1,1.0,0.0,0.0,Outbound,1,1.0,True,False
960670,0,3,3,1.0,0.0,0.0,Outbound,2,1.5,True,False
960672,0,219,219,1.0,0.0,0.0,Outbound,8,27.375,False,False
960674,0,2,2,1.0,0.0,0.0,Outbound,1,2.0,True,False
960698,6,0,6,0.0,0.0,14.416666666666666,Inbound,3,0.0,False,False
960950,0,14,14,1.0,0.0,0.0,Outbound,7,2.0,True,True
961064,23,904,927,0.9751887810140237,0.0,8.318253968253968,Outbound,8,113.0,False,False
961552,3,11,14,0.7857142857142857,0.0,34.666666666666664,Outbound,2,5.5,False,False
961770,79,0,79,0.0,0.0,10.727678571428571,Inbound,15,0.0,False,False
962062,15,0,15,0.0,0.0,13.0,Inbound,8,0.0,False,False
962168,4,0,4,0.0,0.0,17.25,Inbound,4,0.0,False,False
962268,38,94,132,0.7121212121212122,0.0,16.20952380952381,Outbound,11,8.545454545454545,False,False
962658,331,320,651,0.4915514592933948,0.0,7.914151180332154,Mixed,14,22.857142857142858,False,False
962902,223,399,622,0.6414790996784566,0.0,6.919420482532437,Mixed,12,33.25,False,False
962904,0,2,2,1.0,0.0,0.0,Outbound,1,2.0,True,False
963716,0,1,1,1.0,0.0,0.0,Outbound,1,1.0,True,False
964510,15,131,146,0.8972602739726028,0.16666666666666666,10.525,Outbound,8,16.375,False,False
964518,2,0,2,0.0,0.0,21.0,Inbound,1,0.0,False,False
964666,43,814,857,0.9498249708284714,0.2222222222222222,10.181481481481482,Outbound,6,135.66666666666666,False,False
964712,6,9,15,0.6,0.0,21.833333333333332,Mixed,2,4.5,False,False
964716,0,296,296,1.0,0.0,0.0,Outbound,8,37.0,False,False
965232,0,37,37,1.0,0.0,0.0,Outbound,3,12.333333333333334,False,False
965328,0,28,28,1.0,0.0,0.0,Outbound,6,4.666666666666667,False,False
965538,0,475,475,1.0,0.0,0.0,Outbound,7,67.85714285714286,False,False
965540,0,807,807,1.0,0.0,0.0,Outbound,9,89.66666666666667,False,False
965542,0,681,681,1.0,0.0,0.0,Outbound,5,136.2,False,False
965544,0,1277,1277,1.0,0.0,0.0,Outbound,6,212.83333333333334,False,False
965942,4,0,4,0.0,0.0,12.75,Inbound,1,0.0,False,False
966158,3,34,37,0.918918918918919,0.0,15.0,Outbound,8,4.25,False,False
966686,2,1,3,0.3333333333333333,0.0,16.5,Mixed,1,1.0,True,False
967204,0,3,3,1.0,0.0,0.0,Outbound,3,1.0,True,False
967310,1,52,53,0.9811320754716981,0.0,8.0,Outbound,5,10.4,False,False
968150,4,91,95,0.9578947368421052,0.0,1.0,Outbound,6,15.166666666666666,False,False
968232,1,0,1,0.0,0.0,13.0,Inbound,1,0.0,False,False
968338,13,213,226,0.9424778761061947,0.0,9.38888888888889,Outbound,7,30.428571428571427,False,False
968368,2,0,2,0.0,0.0,19.0,Inbound,2,0.0,False,False
968520,5,0,5,0.0,0.0,1.0,Inbound,1,0.0,False,False
969262,0,1,1,1.0,0.0,0.0,Outbound,1,1.0,True,False
969268,0,5,5,1.0,0.0,0.0,Outbound,2,2.5,True,False
969272,154,228,382,0.5968586387434555,0.125,21.827880370253613,Mixed,7,32.57142857142857,False,False
969284,0,1,1,1.0,0.0,0.0,Outbound,1,1.0,True,False
969286,0,8,8,1.0,0.0,0.0,Outbound,3,2.6666666666666665,True,False
969288,3,2,5,0.4,0.0,26.25,Mixed,3,0.6666666666666666,True,False
969294,84,12,96,0.125,0.0,8.593448067632849,Inbound,5,2.4,False,False
969380,1,7,8,0.875,0.0,21.0,Outbound,2,3.5,False,False
969386,0,54,54,1.0,0.0,0.0,Outbound,5,10.8,False,False
969600,0,19,19,1.0,0.0,0.0,Outbound,2,9.5,False,False
970240,1,1,2,0.5,0.0,44.0,Mixed,1,1.0,True,False
970242,0,10,10,1.0,0.0,0.0,Outbound,1,10.0,False,False
970244,2,2,4,0.5,0.0,40.5,Mixed,1,2.0,True,False
970250,0,1,1,1.0,0.0,0.0,Outbound,1,1.0,True,False
970252,1,5,6,0.8333333333333334,0.0,25.0,Outbound,1,5.0,False,False
970254,3,9,12,0.75,0.0,40.333333333333336,Outbound,1,9.0,False,False
970258,0,1,1,1.0,0.0,0.0,Outbound,1,1.0,True,False
970484,0,7,7,1.0,0.0,0.0,Outbound,2,3.5,False,False
970486,0,6,6,1.0,0.0,0.0,Outbound,2,3.0,True,False
971100,3,0,3,0.0,0.0,7.75,Inbound,2,0.0,False,False
971102,76,0,76,0.0,0.0,15.791005291005291,Inbound,4,0.0,False,False
971354,6,0,6,0.0,0.0,13.6,Inbound,2,0.0,False,False
972408,0,6,6,1.0,0.0,0.0,Outbound,1,6.0,False,False
972410,0,77,77,1.0,0.0,0.0,Outbound,2,38.5,False,False
972412,1,60,61,0.9836065573770492,0.0,25.0,Outbound,2,30.0,False,False
972460,1,50,51,0.9803921568627451,0.0,4.0,Outbound,2,25.0,False,False
973120,0,3,3,1.0,0.0,0.0,Outbound,1,3.0,True,False
973286,2,0,2,0.0,0.0,44.0,Inbound,1,0.0,False,False
